Product ID,Product Name,Brand,Category,Description,Unit Type,Pack Size,Cost Price,Selling Price,Reorder Level,Current Stock,Product Status
PROD-000001,Classic Cream,Crunchy Gold,Sandwich Biscuits,"Rich chocolate biscuits with a balanced sweetness and crisp texture, ideal for supermarkets and wholesale outlets.",Pack,48 x 25g,3581,4400.0,123,1497,Active
PROD-000002,Coconut Crunch,Royal Treat,Cream Biscuits,Light and crispy biscuits carefully produced for convenient retail display and high-volume distribution.,Carton,12 x 100g,11113,14000.0,268,1830,Active
PROD-000003,Golden Crunch,Royal Treat,Crackers,"Premium crunchy biscuits with a rich chocolate flavour and satisfying texture, suitable for family consumption.",Carton,12 x 150g,11806,16100.0,62,2691,Active
PROD-000004,Cocoa Sandwich,Premium Choice,Assorted Biscuits,"Golden baked biscuits with a rich buttery flavour, suitable for retailers, distributors and wholesale customers.",Box,48 x 25g,11502,15100.0,210,2721,Active
PROD-000005,Classic Crackers,Royal Treat,Assorted Biscuits,"Premium crunchy biscuits with a rich chocolate flavour and satisfying texture, suitable for family consumption.",Carton,12 x 150g,3917,5000.0,163,1994,Active
PROD-000006,Caramel Cream,Premium Choice,Wafer Biscuits,"Crispy golden biscuits with a smooth cream filling, designed for everyday retail and wholesale distribution.",Carton,48 x 25g,2503,3300.0,246,2022,Active
PROD-000007,Milk Crunch,Sweet Valley,Cream Biscuits,"Crispy golden biscuits with a smooth cream filling, designed for everyday retail and wholesale distribution.",Carton,12 x 100g,10173,13300.0,105,1388,Active
PROD-000008,Classic Crackers,Sweet Valley,Plain Biscuits,"Classic family-friendly biscuits packaged for convenient storage, transportation and retail distribution.",Pack,24 x 75g,6137,8200.0,291,1627,Active
PROD-000009,Vanilla Cream,Daily Delight,Wafer Biscuits,"Golden baked biscuits with a rich buttery flavour, suitable for retailers, distributors and wholesale customers.",Box,20 x 100g,11596,14500.0,78,1673,Active
PROD-000010,Milk Crunch,Premium Choice,Cream Biscuits,"Crunchy snack biscuits offering a satisfying bite and distinctive flavour, suitable for everyday consumption.",Box,48 x 25g,8810,10800.0,72,1827,Active
PROD-000011,Golden Crunch,Golden Bite,Kids Biscuits,Premium-quality wafer biscuits featuring delicate crispy layers and smooth flavoured cream.,Box,48 x 25g,14350,19700.0,129,3018,Active
PROD-000012,Premium Wafer,Happy Crunch,Sandwich Biscuits,"Crunchy snack biscuits offering a satisfying bite and distinctive flavour, suitable for everyday consumption.",Pack,48 x 25g,4781,5600.0,247,2056,Active
PROD-000013,Cocoa Sandwich,Biscuit House,Wafer Biscuits,Light and crispy biscuits carefully produced for convenient retail display and high-volume distribution.,Carton,12 x 100g,11344,14800.0,151,1381,Active
PROD-000014,Classic Crackers,Family Treat,Wafer Biscuits,"Crispy golden biscuits with a smooth cream filling, designed for everyday retail and wholesale distribution.",Carton,10 x 200g,6307,8600.0,85,1801,Active
PROD-000015,Butter Delight,Daily Delight,Cream Biscuits,Delicious vanilla-flavoured cream biscuits combining a crunchy outer texture with a smooth centre.,Box,10 x 200g,10113,12100.0,160,2673,Active
PROD-000016,Rich Chocolate,Royal Treat,Chocolate Biscuits,Light and crispy biscuits carefully produced for convenient retail display and high-volume distribution.,Carton,24 x 50g,6597,9200.0,90,2772,Active
PROD-000017,Rich Chocolate,Golden Bite,Wafer Biscuits,Delicious vanilla-flavoured cream biscuits combining a crunchy outer texture with a smooth centre.,Pack,12 x 100g,3548,4300.0,203,2397,Active
PROD-000018,Golden Crunch,Golden Bite,Wafer Biscuits,"Crunchy snack biscuits offering a satisfying bite and distinctive flavour, suitable for everyday consumption.",Box,24 x 75g,12363,15300.0,130,2436,Active
PROD-000019,Classic Crackers,Crunchy Gold,Assorted Biscuits,"Crispy golden biscuits with a smooth cream filling, designed for everyday retail and wholesale distribution.",Carton,24 x 75g,2539,3200.0,65,2508,Active
PROD-000020,Vanilla Cream,Family Treat,Wafer Biscuits,"Rich chocolate biscuits with a balanced sweetness and crisp texture, ideal for supermarkets and wholesale outlets.",Pack,12 x 150g,9726,11700.0,59,2414,Active
PROD-000021,Premium Wafer,Golden Bite,Plain Biscuits,"Golden baked biscuits with a rich buttery flavour, suitable for retailers, distributors and wholesale customers.",Box,12 x 100g,11073,15300.0,280,1989,Active
PROD-000022,Family Pack,Premium Choice,Chocolate Biscuits,"Crispy golden biscuits with a smooth cream filling, designed for everyday retail and wholesale distribution.",Carton,24 x 50g,14756,18900.0,159,2631,Active
PROD-000023,Golden Crunch,Crispy Crown,Plain Biscuits,"Rich chocolate biscuits with a balanced sweetness and crisp texture, ideal for supermarkets and wholesale outlets.",Box,48 x 25g,2933,3700.0,56,2299,Active
PROD-000024,Family Pack,Royal Treat,Cream Biscuits,"Rich chocolate biscuits with a balanced sweetness and crisp texture, ideal for supermarkets and wholesale outlets.",Carton,12 x 150g,11405,13800.0,189,1323,Active
PROD-000025,Coconut Crunch,Sweet Valley,Sandwich Biscuits,"Crispy golden biscuits with a smooth cream filling, designed for everyday retail and wholesale distribution.",Carton,24 x 50g,9228,12700.0,252,3114,Active
PROD-000026,Vanilla Cream,Biscuit House,Assorted Biscuits,"Classic family-friendly biscuits packaged for convenient storage, transportation and retail distribution.",Box,12 x 100g,12138,16300.0,197,1689,Active
PROD-000027,Classic Crackers,Happy Crunch,Cream Biscuits,Assorted biscuit selection combining popular flavours in a convenient commercial pack.,Pack,12 x 150g,10771,14500.0,273,1878,Active
PROD-000028,Golden Crunch,Premium Choice,Wafer Biscuits,"Premium crunchy biscuits with a rich chocolate flavour and satisfying texture, suitable for family consumption.",Carton,12 x 100g,7686,10500.0,196,1784,Active
PROD-000029,Cocoa Sandwich,Daily Delight,Sandwich Biscuits,"Rich chocolate biscuits with a balanced sweetness and crisp texture, ideal for supermarkets and wholesale outlets.",Carton,12 x 150g,2818,3600.0,247,2075,Active
PROD-000030,Golden Crunch,Golden Bite,Chocolate Biscuits,"Rich chocolate biscuits with a balanced sweetness and crisp texture, ideal for supermarkets and wholesale outlets.",Carton,12 x 150g,7308,8800.0,261,2053,Active
PROD-000031,Classic Crackers,Sweet Valley,Cream Biscuits,"Premium crunchy biscuits with a rich chocolate flavour and satisfying texture, suitable for family consumption.",Carton,20 x 100g,12814,16700.0,270,3264,Active
PROD-000032,Rich Chocolate,Crispy Crown,Chocolate Biscuits,"Premium crunchy biscuits with a rich chocolate flavour and satisfying texture, suitable for family consumption.",Box,20 x 100g,5085,6700.0,113,2403,Active
PROD-000033,Coconut Crunch,Daily Delight,Kids Biscuits,"Crunchy snack biscuits offering a satisfying bite and distinctive flavour, suitable for everyday consumption.",Carton,48 x 25g,6330,7600.0,137,1616,Active
PROD-000034,Classic Cream,Sweet Valley,Plain Biscuits,"Golden baked biscuits with a rich buttery flavour, suitable for retailers, distributors and wholesale customers.",Carton,12 x 150g,9590,11700.0,164,685,Active
PROD-000035,Milk Crunch,Crispy Crown,Sandwich Biscuits,Premium-quality wafer biscuits featuring delicate crispy layers and smooth flavoured cream.,Box,10 x 200g,9220,12900.0,240,2856,Active
PROD-000036,Cocoa Sandwich,Daily Delight,Kids Biscuits,Delicious vanilla-flavoured cream biscuits combining a crunchy outer texture with a smooth centre.,Box,12 x 100g,13322,17300.0,96,2339,Active
PROD-000037,Butter Delight,Golden Bite,Sandwich Biscuits,Assorted biscuit selection combining popular flavours in a convenient commercial pack.,Box,48 x 25g,5452,7600.0,247,2126,Active
PROD-000038,Caramel Cream,Sweet Valley,Kids Biscuits,"Crispy golden biscuits with a smooth cream filling, designed for everyday retail and wholesale distribution.",Box,20 x 100g,6906,9300.0,256,2665,Active
PROD-000039,Milk Crunch,Crunchy Gold,Assorted Biscuits,"Crispy golden biscuits with a smooth cream filling, designed for everyday retail and wholesale distribution.",Pack,10 x 200g,4411,6000.0,107,1810,Active
PROD-000040,Strawberry Cream,Family Treat,Assorted Biscuits,Light and crispy biscuits carefully produced for convenient retail display and high-volume distribution.,Pack,10 x 200g,12837,14900.0,84,2185,Active
PROD-000041,Caramel Cream,Royal Treat,Assorted Biscuits,"Rich chocolate biscuits with a balanced sweetness and crisp texture, ideal for supermarkets and wholesale outlets.",Pack,24 x 75g,14446,17900.0,273,2552,Active
PROD-000042,Cocoa Sandwich,Crunchy Gold,Sandwich Biscuits,"Rich chocolate biscuits with a balanced sweetness and crisp texture, ideal for supermarkets and wholesale outlets.",Box,10 x 200g,8626,10000.0,295,1901,Active
PROD-000043,Vanilla Cream,Family Treat,Cream Biscuits,"Golden baked biscuits with a rich buttery flavour, suitable for retailers, distributors and wholesale customers.",Box,10 x 200g,11137,15400.0,87,3071,Active
PROD-000044,Classic Crackers,Premium Choice,Crackers,Light and crispy biscuits carefully produced for convenient retail display and high-volume distribution.,Box,24 x 50g,6075,7200.0,134,2473,Active
PROD-000045,Caramel Cream,Sweet Valley,Plain Biscuits,"Classic family-friendly biscuits packaged for convenient storage, transportation and retail distribution.",Box,12 x 100g,8010,10600.0,202,1555,Active
PROD-000046,Classic Cream,Royal Treat,Plain Biscuits,Light and crispy biscuits carefully produced for convenient retail display and high-volume distribution.,Carton,24 x 75g,13999,17400.0,230,2972,Active
PROD-000047,Caramel Cream,Golden Bite,Crackers,Premium-quality wafer biscuits featuring delicate crispy layers and smooth flavoured cream.,Carton,12 x 100g,4888,6200.0,106,1548,Active
PROD-000048,Caramel Cream,Daily Delight,Assorted Biscuits,Light and crispy biscuits carefully produced for convenient retail display and high-volume distribution.,Box,12 x 100g,14852,18300.0,264,1524,Active
PROD-000049,Caramel Cream,Biscuit House,Wafer Biscuits,Light and crispy biscuits carefully produced for convenient retail display and high-volume distribution.,Carton,24 x 50g,13525,17800.0,297,1889,Active
PROD-000050,Caramel Cream,Daily Delight,Crackers,Assorted biscuit selection combining popular flavours in a convenient commercial pack.,Carton,12 x 150g,3292,3900.0,245,2632,Active
PROD-000051,Classic Cream,Family Treat,Kids Biscuits,"Crunchy snack biscuits offering a satisfying bite and distinctive flavour, suitable for everyday consumption.",Carton,12 x 150g,12524,15200.0,164,898,Active
PROD-000052,Caramel Cream,Golden Bite,Kids Biscuits,Delicious vanilla-flavoured cream biscuits combining a crunchy outer texture with a smooth centre.,Box,20 x 100g,8159,9500.0,259,1880,Active
PROD-000053,Honey Crunch,Crunchy Gold,Plain Biscuits,Assorted biscuit selection combining popular flavours in a convenient commercial pack.,Carton,10 x 200g,4262,5900.0,236,1222,Active
PROD-000054,Coconut Crunch,Happy Crunch,Wafer Biscuits,Light and crispy biscuits carefully produced for convenient retail display and high-volume distribution.,Pack,12 x 150g,5964,7400.0,157,2801,Active
PROD-000055,Coconut Crunch,Premium Choice,Wafer Biscuits,"Crunchy snack biscuits offering a satisfying bite and distinctive flavour, suitable for everyday consumption.",Pack,24 x 50g,8570,9900.0,287,2351,Active
PROD-000056,Chocolate Delight,Royal Treat,Wafer Biscuits,"Rich chocolate biscuits with a balanced sweetness and crisp texture, ideal for supermarkets and wholesale outlets.",Carton,24 x 75g,9828,11700.0,140,2013,Active
PROD-000057,Family Pack,Crunchy Gold,Sandwich Biscuits,Assorted biscuit selection combining popular flavours in a convenient commercial pack.,Carton,48 x 25g,8107,10000.0,166,1895,Active
PROD-000058,Family Pack,Crispy Crown,Chocolate Biscuits,Light and crispy biscuits carefully produced for convenient retail display and high-volume distribution.,Box,10 x 200g,13500,17000.0,231,1627,Active
PROD-000059,Vanilla Cream,Premium Choice,Sandwich Biscuits,"Crispy golden biscuits with a smooth cream filling, designed for everyday retail and wholesale distribution.",Box,20 x 100g,9982,13600.0,204,1204,Active
PROD-000060,Honey Crunch,Golden Bite,Cream Biscuits,"Golden baked biscuits with a rich buttery flavour, suitable for retailers, distributors and wholesale customers.",Box,24 x 50g,3091,3800.0,113,2229,Active
PROD-000061,Caramel Cream,Happy Crunch,Kids Biscuits,Premium-quality wafer biscuits featuring delicate crispy layers and smooth flavoured cream.,Carton,24 x 50g,7506,9800.0,179,1703,Active
PROD-000062,Cocoa Sandwich,Golden Bite,Wafer Biscuits,"Golden baked biscuits with a rich buttery flavour, suitable for retailers, distributors and wholesale customers.",Pack,10 x 200g,14532,17100.0,64,2654,Active
PROD-000063,Caramel Cream,Happy Crunch,Sandwich Biscuits,"Golden baked biscuits with a rich buttery flavour, suitable for retailers, distributors and wholesale customers.",Box,12 x 150g,5738,7800.0,288,832,Active
PROD-000064,Classic Crackers,Family Treat,Cream Biscuits,Assorted biscuit selection combining popular flavours in a convenient commercial pack.,Carton,12 x 100g,12998,17900.0,295,855,Active
PROD-000065,Classic Cream,Premium Choice,Chocolate Biscuits,Assorted biscuit selection combining popular flavours in a convenient commercial pack.,Carton,10 x 200g,10659,13100.0,172,2607,Active
PROD-000066,Cocoa Sandwich,Golden Bite,Sandwich Biscuits,"Classic family-friendly biscuits packaged for convenient storage, transportation and retail distribution.",Pack,20 x 100g,8140,10800.0,298,1697,Active
PROD-000067,Classic Cream,Happy Crunch,Kids Biscuits,"Premium crunchy biscuits with a rich chocolate flavour and satisfying texture, suitable for family consumption.",Box,20 x 100g,7968,9600.0,298,1892,Active
PROD-000068,Butter Delight,Crispy Crown,Chocolate Biscuits,Premium-quality wafer biscuits featuring delicate crispy layers and smooth flavoured cream.,Carton,20 x 100g,4463,6000.0,101,1515,Active
PROD-000069,Family Pack,Family Treat,Crackers,"Premium crunchy biscuits with a rich chocolate flavour and satisfying texture, suitable for family consumption.",Carton,48 x 25g,5839,7400.0,73,1904,Active
PROD-000070,Strawberry Cream,Daily Delight,Chocolate Biscuits,"Crunchy snack biscuits offering a satisfying bite and distinctive flavour, suitable for everyday consumption.",Carton,24 x 75g,10734,12800.0,190,2851,Active
PROD-000071,Caramel Cream,Crispy Crown,Wafer Biscuits,Premium-quality wafer biscuits featuring delicate crispy layers and smooth flavoured cream.,Box,24 x 50g,8554,11800.0,142,2176,Active
PROD-000072,Rich Chocolate,Happy Crunch,Cream Biscuits,"Premium crunchy biscuits with a rich chocolate flavour and satisfying texture, suitable for family consumption.",Pack,48 x 25g,5513,6600.0,264,2302,Active
PROD-000073,Vanilla Cream,Sweet Valley,Wafer Biscuits,Light and crispy biscuits carefully produced for convenient retail display and high-volume distribution.,Pack,10 x 200g,12507,16600.0,93,2152,Active
PROD-000074,Premium Wafer,Crunchy Gold,Cream Biscuits,Assorted biscuit selection combining popular flavours in a convenient commercial pack.,Pack,12 x 150g,3652,4600.0,99,1451,Active
PROD-000075,Vanilla Cream,Royal Treat,Kids Biscuits,"Classic family-friendly biscuits packaged for convenient storage, transportation and retail distribution.",Carton,48 x 25g,10169,13200.0,86,2237,Active
PROD-000076,Golden Crunch,Sweet Valley,Wafer Biscuits,Delicious vanilla-flavoured cream biscuits combining a crunchy outer texture with a smooth centre.,Carton,24 x 50g,6972,9700.0,182,2025,Active
PROD-000077,Caramel Cream,Crispy Crown,Assorted Biscuits,Delicious vanilla-flavoured cream biscuits combining a crunchy outer texture with a smooth centre.,Carton,24 x 50g,7590,8800.0,126,2531,Active
PROD-000078,Honey Crunch,Daily Delight,Cream Biscuits,"Crispy golden biscuits with a smooth cream filling, designed for everyday retail and wholesale distribution.",Box,12 x 150g,9262,12500.0,55,2097,Active
PROD-000079,Butter Delight,Biscuit House,Assorted Biscuits,"Crunchy snack biscuits offering a satisfying bite and distinctive flavour, suitable for everyday consumption.",Carton,24 x 75g,5796,7700.0,221,3000,Active
PROD-000080,Family Pack,Crispy Crown,Chocolate Biscuits,"Premium crunchy biscuits with a rich chocolate flavour and satisfying texture, suitable for family consumption.",Box,10 x 200g,10881,13800.0,196,3243,Active
PROD-000081,Milk Crunch,Family Treat,Kids Biscuits,"Golden baked biscuits with a rich buttery flavour, suitable for retailers, distributors and wholesale customers.",Box,12 x 150g,11073,14400.0,59,1308,Active
PROD-000082,Rich Chocolate,Daily Delight,Wafer Biscuits,"Classic family-friendly biscuits packaged for convenient storage, transportation and retail distribution.",Box,10 x 200g,5018,6300.0,257,1995,Active
PROD-000083,Caramel Cream,Golden Bite,Kids Biscuits,"Classic family-friendly biscuits packaged for convenient storage, transportation and retail distribution.",Carton,12 x 100g,2875,4000.0,190,1609,Active
PROD-000084,Golden Crunch,Happy Crunch,Wafer Biscuits,"Classic family-friendly biscuits packaged for convenient storage, transportation and retail distribution.",Box,12 x 150g,14475,18000.0,209,1607,Active
PROD-000085,Cocoa Sandwich,Crunchy Gold,Crackers,Premium-quality wafer biscuits featuring delicate crispy layers and smooth flavoured cream.,Pack,10 x 200g,7436,9100.0,215,1496,Active
PROD-000086,Coconut Crunch,Premium Choice,Assorted Biscuits,Assorted biscuit selection combining popular flavours in a convenient commercial pack.,Box,48 x 25g,5929,7300.0,173,2470,Active
PROD-000087,Family Pack,Crispy Crown,Assorted Biscuits,"Rich chocolate biscuits with a balanced sweetness and crisp texture, ideal for supermarkets and wholesale outlets.",Box,12 x 150g,3934,4800.0,243,1919,Active
PROD-000088,Milk Crunch,Crispy Crown,Plain Biscuits,"Premium crunchy biscuits with a rich chocolate flavour and satisfying texture, suitable for family consumption.",Pack,24 x 75g,6444,8600.0,138,2650,Active
PROD-000089,Chocolate Delight,Daily Delight,Sandwich Biscuits,"Crispy golden biscuits with a smooth cream filling, designed for everyday retail and wholesale distribution.",Carton,24 x 50g,9060,12300.0,288,1892,Active
PROD-000090,Cocoa Sandwich,Happy Crunch,Chocolate Biscuits,Premium-quality wafer biscuits featuring delicate crispy layers and smooth flavoured cream.,Box,24 x 50g,2700,3300.0,117,2791,Active
PROD-000091,Premium Wafer,Crunchy Gold,Sandwich Biscuits,"Crispy golden biscuits with a smooth cream filling, designed for everyday retail and wholesale distribution.",Box,12 x 100g,5878,7600.0,187,1499,Active
PROD-000092,Vanilla Cream,Crispy Crown,Chocolate Biscuits,"Crunchy snack biscuits offering a satisfying bite and distinctive flavour, suitable for everyday consumption.",Box,24 x 50g,8428,10500.0,110,1720,Active
PROD-000093,Caramel Cream,Sweet Valley,Chocolate Biscuits,"Premium crunchy biscuits with a rich chocolate flavour and satisfying texture, suitable for family consumption.",Carton,10 x 200g,13523,18000.0,66,2083,Active
PROD-000094,Family Pack,Family Treat,Plain Biscuits,Assorted biscuit selection combining popular flavours in a convenient commercial pack.,Carton,12 x 100g,9350,12500.0,56,2577,Active
PROD-000095,Milk Crunch,Sweet Valley,Sandwich Biscuits,Delicious vanilla-flavoured cream biscuits combining a crunchy outer texture with a smooth centre.,Box,12 x 150g,11475,15900.0,186,1641,Active
PROD-000096,Butter Delight,Biscuit House,Wafer Biscuits,Light and crispy biscuits carefully produced for convenient retail display and high-volume distribution.,Pack,12 x 150g,13531,17300.0,122,2193,Active
PROD-000097,Family Pack,Crispy Crown,Crackers,"Rich chocolate biscuits with a balanced sweetness and crisp texture, ideal for supermarkets and wholesale outlets.",Box,12 x 150g,10060,11700.0,82,2424,Active
PROD-000098,Chocolate Delight,Sweet Valley,Cream Biscuits,"Crunchy snack biscuits offering a satisfying bite and distinctive flavour, suitable for everyday consumption.",Carton,24 x 75g,5636,6700.0,228,2577,Active
PROD-000099,Honey Crunch,Royal Treat,Sandwich Biscuits,Premium-quality wafer biscuits featuring delicate crispy layers and smooth flavoured cream.,Carton,24 x 50g,11116,13700.0,277,1752,Active
PROD-000100,Cocoa Sandwich,Sweet Valley,Kids Biscuits,"Premium crunchy biscuits with a rich chocolate flavour and satisfying texture, suitable for family consumption.",Carton,10 x 200g,6019,7400.0,250,2009,Active
PROD-000101,Coconut Crunch,Happy Crunch,Assorted Biscuits,"Premium crunchy biscuits with a rich chocolate flavour and satisfying texture, suitable for family consumption.",Carton,10 x 200g,14988,19900.0,279,2740,Active
PROD-000102,Chocolate Delight,Crunchy Gold,Wafer Biscuits,"Golden baked biscuits with a rich buttery flavour, suitable for retailers, distributors and wholesale customers.",Pack,10 x 200g,14892,17700.0,172,1843,Active
PROD-000103,Strawberry Cream,Crispy Crown,Crackers,"Rich chocolate biscuits with a balanced sweetness and crisp texture, ideal for supermarkets and wholesale outlets.",Pack,12 x 100g,8041,10300.0,77,2124,Active
PROD-000104,Family Pack,Sweet Valley,Sandwich Biscuits,"Classic family-friendly biscuits packaged for convenient storage, transportation and retail distribution.",Pack,20 x 100g,9072,11800.0,246,2458,Active
PROD-000105,Coconut Crunch,Royal Treat,Chocolate Biscuits,"Crunchy snack biscuits offering a satisfying bite and distinctive flavour, suitable for everyday consumption.",Carton,48 x 25g,5540,7000.0,203,2107,Active
PROD-000106,Coconut Crunch,Biscuit House,Chocolate Biscuits,"Golden baked biscuits with a rich buttery flavour, suitable for retailers, distributors and wholesale customers.",Box,12 x 100g,3653,4300.0,188,1808,Active
PROD-000107,Cocoa Sandwich,Sweet Valley,Crackers,"Rich chocolate biscuits with a balanced sweetness and crisp texture, ideal for supermarkets and wholesale outlets.",Box,20 x 100g,4045,4900.0,285,1326,Active
PROD-000108,Butter Delight,Biscuit House,Kids Biscuits,Delicious vanilla-flavoured cream biscuits combining a crunchy outer texture with a smooth centre.,Carton,24 x 50g,3960,5400.0,288,1464,Active
PROD-000109,Milk Crunch,Happy Crunch,Kids Biscuits,"Classic family-friendly biscuits packaged for convenient storage, transportation and retail distribution.",Carton,12 x 100g,3914,4500.0,285,756,Active
PROD-000110,Cocoa Sandwich,Crispy Crown,Plain Biscuits,"Crunchy snack biscuits offering a satisfying bite and distinctive flavour, suitable for everyday consumption.",Pack,48 x 25g,10053,12900.0,172,2716,Active
PROD-000111,Premium Wafer,Crispy Crown,Cream Biscuits,"Premium crunchy biscuits with a rich chocolate flavour and satisfying texture, suitable for family consumption.",Pack,12 x 100g,12915,16200.0,291,748,Active
PROD-000112,Vanilla Cream,Biscuit House,Chocolate Biscuits,"Golden baked biscuits with a rich buttery flavour, suitable for retailers, distributors and wholesale customers.",Box,48 x 25g,11345,13600.0,150,1128,Active
PROD-000113,Classic Crackers,Biscuit House,Cream Biscuits,"Rich chocolate biscuits with a balanced sweetness and crisp texture, ideal for supermarkets and wholesale outlets.",Pack,24 x 75g,4493,5300.0,224,1043,Active
PROD-000114,Premium Wafer,Golden Bite,Kids Biscuits,"Premium crunchy biscuits with a rich chocolate flavour and satisfying texture, suitable for family consumption.",Pack,24 x 75g,7889,10000.0,232,2466,Active
PROD-000115,Butter Delight,Premium Choice,Assorted Biscuits,Delicious vanilla-flavoured cream biscuits combining a crunchy outer texture with a smooth centre.,Carton,20 x 100g,11978,15000.0,90,3129,Active
PROD-000116,Golden Crunch,Happy Crunch,Plain Biscuits,Delicious vanilla-flavoured cream biscuits combining a crunchy outer texture with a smooth centre.,Pack,20 x 100g,8293,9600.0,146,1958,Active
PROD-000117,Rich Chocolate,Sweet Valley,Plain Biscuits,Assorted biscuit selection combining popular flavours in a convenient commercial pack.,Box,24 x 75g,4438,5400.0,268,1688,Active
PROD-000118,Caramel Cream,Royal Treat,Wafer Biscuits,Delicious vanilla-flavoured cream biscuits combining a crunchy outer texture with a smooth centre.,Pack,24 x 50g,12417,15600.0,265,2419,Active
PROD-000119,Strawberry Cream,Happy Crunch,Sandwich Biscuits,Delicious vanilla-flavoured cream biscuits combining a crunchy outer texture with a smooth centre.,Pack,24 x 75g,5579,7700.0,190,1610,Active
PROD-000120,Honey Crunch,Royal Treat,Cream Biscuits,"Golden baked biscuits with a rich buttery flavour, suitable for retailers, distributors and wholesale customers.",Pack,24 x 50g,2807,3400.0,93,2510,Active
PROD-000121,Caramel Cream,Crunchy Gold,Kids Biscuits,"Crispy golden biscuits with a smooth cream filling, designed for everyday retail and wholesale distribution.",Pack,48 x 25g,3798,4700.0,57,1926,Active
PROD-000122,Chocolate Delight,Premium Choice,Sandwich Biscuits,Premium-quality wafer biscuits featuring delicate crispy layers and smooth flavoured cream.,Pack,12 x 150g,7249,9800.0,287,2984,Active
PROD-000123,Cocoa Sandwich,Biscuit House,Assorted Biscuits,Premium-quality wafer biscuits featuring delicate crispy layers and smooth flavoured cream.,Carton,10 x 200g,9248,11300.0,239,1830,Active
PROD-000124,Classic Cream,Crunchy Gold,Crackers,"Rich chocolate biscuits with a balanced sweetness and crisp texture, ideal for supermarkets and wholesale outlets.",Pack,24 x 50g,10953,13600.0,235,2339,Active
PROD-000125,Vanilla Cream,Golden Bite,Cream Biscuits,"Crunchy snack biscuits offering a satisfying bite and distinctive flavour, suitable for everyday consumption.",Box,10 x 200g,5243,7300.0,236,3004,Active
PROD-000126,Caramel Cream,Crispy Crown,Crackers,Premium-quality wafer biscuits featuring delicate crispy layers and smooth flavoured cream.,Box,20 x 100g,8339,11300.0,213,1812,Active
PROD-000127,Strawberry Cream,Golden Bite,Sandwich Biscuits,"Crunchy snack biscuits offering a satisfying bite and distinctive flavour, suitable for everyday consumption.",Box,24 x 75g,8704,10800.0,64,1705,Active
PROD-000128,Butter Delight,Daily Delight,Assorted Biscuits,"Rich chocolate biscuits with a balanced sweetness and crisp texture, ideal for supermarkets and wholesale outlets.",Pack,12 x 100g,8512,10900.0,273,944,Active
PROD-000129,Vanilla Cream,Family Treat,Sandwich Biscuits,Light and crispy biscuits carefully produced for convenient retail display and high-volume distribution.,Pack,12 x 150g,5893,7200.0,175,2118,Active
PROD-000130,Golden Crunch,Biscuit House,Crackers,"Rich chocolate biscuits with a balanced sweetness and crisp texture, ideal for supermarkets and wholesale outlets.",Carton,20 x 100g,11442,13200.0,261,933,Active
PROD-000131,Cocoa Sandwich,Crispy Crown,Chocolate Biscuits,"Crispy golden biscuits with a smooth cream filling, designed for everyday retail and wholesale distribution.",Pack,24 x 50g,7505,8800.0,158,1912,Active
PROD-000132,Golden Crunch,Royal Treat,Sandwich Biscuits,"Crispy golden biscuits with a smooth cream filling, designed for everyday retail and wholesale distribution.",Pack,12 x 100g,13055,17500.0,148,1727,Active
PROD-000133,Cocoa Sandwich,Daily Delight,Crackers,"Crunchy snack biscuits offering a satisfying bite and distinctive flavour, suitable for everyday consumption.",Carton,24 x 50g,8131,10500.0,178,2236,Active
PROD-000134,Golden Crunch,Premium Choice,Sandwich Biscuits,Delicious vanilla-flavoured cream biscuits combining a crunchy outer texture with a smooth centre.,Carton,24 x 75g,3027,3500.0,195,1952,Active
PROD-000135,Coconut Crunch,Crispy Crown,Kids Biscuits,"Rich chocolate biscuits with a balanced sweetness and crisp texture, ideal for supermarkets and wholesale outlets.",Box,24 x 50g,9266,11000.0,70,1305,Active
PROD-000136,Classic Crackers,Royal Treat,Assorted Biscuits,Premium-quality wafer biscuits featuring delicate crispy layers and smooth flavoured cream.,Pack,10 x 200g,14488,18800.0,213,1769,Active
PROD-000137,Honey Crunch,Royal Treat,Chocolate Biscuits,Delicious vanilla-flavoured cream biscuits combining a crunchy outer texture with a smooth centre.,Box,24 x 50g,8443,10300.0,124,2862,Active
PROD-000138,Classic Cream,Premium Choice,Sandwich Biscuits,"Crispy golden biscuits with a smooth cream filling, designed for everyday retail and wholesale distribution.",Carton,48 x 25g,10163,13500.0,151,2512,Active
PROD-000139,Caramel Cream,Crispy Crown,Assorted Biscuits,"Golden baked biscuits with a rich buttery flavour, suitable for retailers, distributors and wholesale customers.",Pack,24 x 50g,4028,5300.0,234,680,Active
PROD-000140,Premium Wafer,Family Treat,Plain Biscuits,"Classic family-friendly biscuits packaged for convenient storage, transportation and retail distribution.",Pack,24 x 75g,4687,6500.0,168,2688,Active
PROD-000141,Classic Crackers,Biscuit House,Chocolate Biscuits,Premium-quality wafer biscuits featuring delicate crispy layers and smooth flavoured cream.,Box,24 x 50g,11516,15000.0,202,1769,Active
PROD-000142,Coconut Crunch,Crunchy Gold,Plain Biscuits,"Premium crunchy biscuits with a rich chocolate flavour and satisfying texture, suitable for family consumption.",Carton,20 x 100g,3935,4900.0,151,2044,Active
PROD-000143,Cocoa Sandwich,Family Treat,Assorted Biscuits,Premium-quality wafer biscuits featuring delicate crispy layers and smooth flavoured cream.,Carton,10 x 200g,14685,19100.0,64,1809,Active
PROD-000144,Golden Crunch,Royal Treat,Cream Biscuits,Premium-quality wafer biscuits featuring delicate crispy layers and smooth flavoured cream.,Box,24 x 50g,11319,13400.0,168,3339,Active
PROD-000145,Golden Crunch,Golden Bite,Cream Biscuits,"Crispy golden biscuits with a smooth cream filling, designed for everyday retail and wholesale distribution.",Box,20 x 100g,14556,18900.0,62,2362,Active
PROD-000146,Cocoa Sandwich,Royal Treat,Kids Biscuits,Delicious vanilla-flavoured cream biscuits combining a crunchy outer texture with a smooth centre.,Carton,24 x 50g,14842,19600.0,218,738,Active
PROD-000147,Butter Delight,Biscuit House,Crackers,"Premium crunchy biscuits with a rich chocolate flavour and satisfying texture, suitable for family consumption.",Carton,20 x 100g,13236,17700.0,220,2060,Active
PROD-000148,Honey Crunch,Royal Treat,Crackers,"Crunchy snack biscuits offering a satisfying bite and distinctive flavour, suitable for everyday consumption.",Pack,48 x 25g,7917,9100.0,259,2095,Active
PROD-000149,Cocoa Sandwich,Royal Treat,Plain Biscuits,Light and crispy biscuits carefully produced for convenient retail display and high-volume distribution.,Carton,12 x 150g,10962,13100.0,59,2899,Active
PROD-000150,Chocolate Delight,Family Treat,Sandwich Biscuits,Light and crispy biscuits carefully produced for convenient retail display and high-volume distribution.,Pack,24 x 75g,8191,11300.0,241,2659,Active
PROD-000151,Premium Wafer,Happy Crunch,Crackers,"Premium crunchy biscuits with a rich chocolate flavour and satisfying texture, suitable for family consumption.",Pack,12 x 100g,7883,9800.0,119,2861,Active
PROD-000152,Cocoa Sandwich,Sweet Valley,Kids Biscuits,"Rich chocolate biscuits with a balanced sweetness and crisp texture, ideal for supermarkets and wholesale outlets.",Carton,10 x 200g,10315,13000.0,204,1778,Active
PROD-000153,Milk Crunch,Premium Choice,Plain Biscuits,"Rich chocolate biscuits with a balanced sweetness and crisp texture, ideal for supermarkets and wholesale outlets.",Carton,20 x 100g,11900,15200.0,177,2477,Active
PROD-000154,Strawberry Cream,Family Treat,Assorted Biscuits,"Golden baked biscuits with a rich buttery flavour, suitable for retailers, distributors and wholesale customers.",Pack,24 x 50g,9476,12100.0,139,3231,Active
PROD-000155,Premium Wafer,Family Treat,Cream Biscuits,"Golden baked biscuits with a rich buttery flavour, suitable for retailers, distributors and wholesale customers.",Box,24 x 75g,14003,19200.0,172,2396,Active
PROD-000156,Family Pack,Crispy Crown,Assorted Biscuits,Light and crispy biscuits carefully produced for convenient retail display and high-volume distribution.,Pack,12 x 100g,5159,7000.0,119,1764,Active
PROD-000157,Honey Crunch,Sweet Valley,Plain Biscuits,"Rich chocolate biscuits with a balanced sweetness and crisp texture, ideal for supermarkets and wholesale outlets.",Pack,24 x 50g,10271,14300.0,180,1602,Active
PROD-000158,Cocoa Sandwich,Happy Crunch,Assorted Biscuits,"Rich chocolate biscuits with a balanced sweetness and crisp texture, ideal for supermarkets and wholesale outlets.",Pack,12 x 100g,10309,12000.0,217,3337,Active
PROD-000159,Honey Crunch,Sweet Valley,Cream Biscuits,"Crispy golden biscuits with a smooth cream filling, designed for everyday retail and wholesale distribution.",Carton,10 x 200g,11086,13500.0,126,1506,Active
PROD-000160,Premium Wafer,Happy Crunch,Sandwich Biscuits,"Rich chocolate biscuits with a balanced sweetness and crisp texture, ideal for supermarkets and wholesale outlets.",Box,48 x 25g,12217,16000.0,279,1125,Active
PROD-000161,Classic Crackers,Daily Delight,Assorted Biscuits,Light and crispy biscuits carefully produced for convenient retail display and high-volume distribution.,Pack,20 x 100g,5426,7200.0,87,1905,Active
PROD-000162,Rich Chocolate,Royal Treat,Sandwich Biscuits,Delicious vanilla-flavoured cream biscuits combining a crunchy outer texture with a smooth centre.,Pack,12 x 150g,7984,10400.0,195,2269,Active
PROD-000163,Family Pack,Royal Treat,Crackers,Assorted biscuit selection combining popular flavours in a convenient commercial pack.,Carton,12 x 100g,6349,8900.0,78,2136,Active
PROD-000164,Caramel Cream,Biscuit House,Crackers,Delicious vanilla-flavoured cream biscuits combining a crunchy outer texture with a smooth centre.,Box,12 x 150g,11739,15900.0,60,2420,Active
PROD-000165,Honey Crunch,Royal Treat,Wafer Biscuits,Delicious vanilla-flavoured cream biscuits combining a crunchy outer texture with a smooth centre.,Carton,10 x 200g,9506,12900.0,189,1496,Active
PROD-000166,Rich Chocolate,Crispy Crown,Wafer Biscuits,"Golden baked biscuits with a rich buttery flavour, suitable for retailers, distributors and wholesale customers.",Box,48 x 25g,8397,10500.0,257,2760,Active
PROD-000167,Family Pack,Sweet Valley,Crackers,"Crispy golden biscuits with a smooth cream filling, designed for everyday retail and wholesale distribution.",Pack,24 x 50g,5141,7100.0,95,2278,Active
PROD-000168,Classic Cream,Happy Crunch,Wafer Biscuits,Premium-quality wafer biscuits featuring delicate crispy layers and smooth flavoured cream.,Pack,24 x 50g,5466,6500.0,128,989,Active
PROD-000169,Cocoa Sandwich,Golden Bite,Chocolate Biscuits,"Classic family-friendly biscuits packaged for convenient storage, transportation and retail distribution.",Box,24 x 75g,8865,11700.0,60,2897,Active
PROD-000170,Caramel Cream,Royal Treat,Crackers,"Crunchy snack biscuits offering a satisfying bite and distinctive flavour, suitable for everyday consumption.",Pack,48 x 25g,10264,13900.0,183,2211,Active
PROD-000171,Honey Crunch,Royal Treat,Sandwich Biscuits,Premium-quality wafer biscuits featuring delicate crispy layers and smooth flavoured cream.,Pack,48 x 25g,13066,17800.0,142,1039,Active
PROD-000172,Family Pack,Sweet Valley,Cream Biscuits,"Premium crunchy biscuits with a rich chocolate flavour and satisfying texture, suitable for family consumption.",Pack,12 x 100g,3081,3600.0,53,1798,Active
PROD-000173,Chocolate Delight,Premium Choice,Chocolate Biscuits,"Crispy golden biscuits with a smooth cream filling, designed for everyday retail and wholesale distribution.",Pack,12 x 150g,13347,17300.0,98,1915,Active
PROD-000174,Cocoa Sandwich,Biscuit House,Cream Biscuits,"Rich chocolate biscuits with a balanced sweetness and crisp texture, ideal for supermarkets and wholesale outlets.",Pack,10 x 200g,3409,4400.0,252,1763,Active
PROD-000175,Family Pack,Crispy Crown,Kids Biscuits,"Classic family-friendly biscuits packaged for convenient storage, transportation and retail distribution.",Carton,24 x 75g,7171,9300.0,163,1561,Active
PROD-000176,Butter Delight,Premium Choice,Crackers,"Premium crunchy biscuits with a rich chocolate flavour and satisfying texture, suitable for family consumption.",Box,24 x 50g,4376,5100.0,215,2428,Active
PROD-000177,Milk Crunch,Sweet Valley,Plain Biscuits,Premium-quality wafer biscuits featuring delicate crispy layers and smooth flavoured cream.,Carton,24 x 75g,14181,18700.0,265,3135,Active
PROD-000178,Cocoa Sandwich,Daily Delight,Kids Biscuits,"Premium crunchy biscuits with a rich chocolate flavour and satisfying texture, suitable for family consumption.",Box,12 x 150g,6857,8700.0,214,1611,Active
PROD-000179,Strawberry Cream,Sweet Valley,Wafer Biscuits,"Rich chocolate biscuits with a balanced sweetness and crisp texture, ideal for supermarkets and wholesale outlets.",Box,24 x 50g,8590,11700.0,95,1231,Active
PROD-000180,Rich Chocolate,Royal Treat,Chocolate Biscuits,"Crispy golden biscuits with a smooth cream filling, designed for everyday retail and wholesale distribution.",Box,20 x 100g,9748,11600.0,159,1881,Active
PROD-000181,Cocoa Sandwich,Biscuit House,Crackers,"Crispy golden biscuits with a smooth cream filling, designed for everyday retail and wholesale distribution.",Box,24 x 50g,7144,8200.0,265,2046,Active
PROD-000182,Chocolate Delight,Sweet Valley,Wafer Biscuits,"Crunchy snack biscuits offering a satisfying bite and distinctive flavour, suitable for everyday consumption.",Box,20 x 100g,4934,6300.0,119,1483,Active
PROD-000183,Honey Crunch,Crunchy Gold,Kids Biscuits,Assorted biscuit selection combining popular flavours in a convenient commercial pack.,Box,10 x 200g,13101,16300.0,235,2089,Active
PROD-000184,Classic Cream,Royal Treat,Plain Biscuits,"Crispy golden biscuits with a smooth cream filling, designed for everyday retail and wholesale distribution.",Box,12 x 100g,5874,7800.0,203,2335,Active
PROD-000185,Rich Chocolate,Premium Choice,Crackers,Premium-quality wafer biscuits featuring delicate crispy layers and smooth flavoured cream.,Pack,12 x 100g,4004,4800.0,96,1485,Active
PROD-000186,Cocoa Sandwich,Golden Bite,Kids Biscuits,"Golden baked biscuits with a rich buttery flavour, suitable for retailers, distributors and wholesale customers.",Box,10 x 200g,8238,11000.0,166,968,Active
PROD-000187,Family Pack,Happy Crunch,Sandwich Biscuits,Premium-quality wafer biscuits featuring delicate crispy layers and smooth flavoured cream.,Pack,24 x 50g,11936,14600.0,259,1754,Active
PROD-000188,Cocoa Sandwich,Golden Bite,Wafer Biscuits,Assorted biscuit selection combining popular flavours in a convenient commercial pack.,Carton,48 x 25g,14942,18300.0,250,1552,Active
PROD-000189,Milk Crunch,Golden Bite,Kids Biscuits,"Rich chocolate biscuits with a balanced sweetness and crisp texture, ideal for supermarkets and wholesale outlets.",Pack,20 x 100g,10416,14200.0,85,1868,Active
PROD-000190,Chocolate Delight,Crispy Crown,Kids Biscuits,"Rich chocolate biscuits with a balanced sweetness and crisp texture, ideal for supermarkets and wholesale outlets.",Box,20 x 100g,12960,17000.0,101,2167,Active
PROD-000191,Golden Crunch,Crispy Crown,Plain Biscuits,Light and crispy biscuits carefully produced for convenient retail display and high-volume distribution.,Pack,20 x 100g,5188,6500.0,158,2932,Active
PROD-000192,Milk Crunch,Crunchy Gold,Sandwich Biscuits,"Crunchy snack biscuits offering a satisfying bite and distinctive flavour, suitable for everyday consumption.",Pack,24 x 75g,11231,13000.0,259,1475,Active
PROD-000193,Vanilla Cream,Royal Treat,Sandwich Biscuits,"Crunchy snack biscuits offering a satisfying bite and distinctive flavour, suitable for everyday consumption.",Pack,20 x 100g,13112,16400.0,100,2374,Active
PROD-000194,Classic Cream,Crunchy Gold,Chocolate Biscuits,"Crunchy snack biscuits offering a satisfying bite and distinctive flavour, suitable for everyday consumption.",Pack,10 x 200g,7057,9600.0,108,2832,Active
PROD-000195,Vanilla Cream,Daily Delight,Crackers,Delicious vanilla-flavoured cream biscuits combining a crunchy outer texture with a smooth centre.,Box,48 x 25g,8956,11600.0,224,2604,Active
PROD-000196,Strawberry Cream,Sweet Valley,Kids Biscuits,"Rich chocolate biscuits with a balanced sweetness and crisp texture, ideal for supermarkets and wholesale outlets.",Carton,10 x 200g,9870,11600.0,190,2150,Active
PROD-000197,Cocoa Sandwich,Crispy Crown,Plain Biscuits,"Golden baked biscuits with a rich buttery flavour, suitable for retailers, distributors and wholesale customers.",Pack,48 x 25g,10263,13800.0,192,2429,Active
PROD-000198,Strawberry Cream,Crispy Crown,Assorted Biscuits,"Golden baked biscuits with a rich buttery flavour, suitable for retailers, distributors and wholesale customers.",Pack,12 x 100g,5746,7800.0,180,3092,Active
PROD-000199,Coconut Crunch,Crispy Crown,Crackers,"Golden baked biscuits with a rich buttery flavour, suitable for retailers, distributors and wholesale customers.",Carton,48 x 25g,10746,12500.0,267,1603,Active
PROD-000200,Classic Crackers,Happy Crunch,Cream Biscuits,"Crispy golden biscuits with a smooth cream filling, designed for everyday retail and wholesale distribution.",Pack,48 x 25g,9554,13100.0,171,3164,Active
PROD-000201,Cocoa Sandwich,Biscuit House,Cream Biscuits,"Premium crunchy biscuits with a rich chocolate flavour and satisfying texture, suitable for family consumption.",Pack,10 x 200g,7359,9500.0,83,2724,Active
PROD-000202,Golden Crunch,Royal Treat,Cream Biscuits,"Classic family-friendly biscuits packaged for convenient storage, transportation and retail distribution.",Box,48 x 25g,2605,3100.0,97,2220,Active
PROD-000203,Strawberry Cream,Daily Delight,Wafer Biscuits,Premium-quality wafer biscuits featuring delicate crispy layers and smooth flavoured cream.,Box,20 x 100g,5301,6400.0,140,1820,Active
PROD-000204,Honey Crunch,Daily Delight,Assorted Biscuits,Assorted biscuit selection combining popular flavours in a convenient commercial pack.,Box,12 x 100g,13543,16800.0,148,2206,Active
PROD-000205,Vanilla Cream,Daily Delight,Sandwich Biscuits,Delicious vanilla-flavoured cream biscuits combining a crunchy outer texture with a smooth centre.,Carton,24 x 50g,4452,5500.0,254,1821,Active
PROD-000206,Strawberry Cream,Family Treat,Plain Biscuits,"Golden baked biscuits with a rich buttery flavour, suitable for retailers, distributors and wholesale customers.",Pack,10 x 200g,13688,17400.0,61,1800,Active
PROD-000207,Butter Delight,Golden Bite,Kids Biscuits,Assorted biscuit selection combining popular flavours in a convenient commercial pack.,Pack,20 x 100g,3129,4300.0,295,1369,Active
PROD-000208,Chocolate Delight,Golden Bite,Crackers,Assorted biscuit selection combining popular flavours in a convenient commercial pack.,Carton,10 x 200g,3255,4500.0,249,2432,Active
PROD-000209,Premium Wafer,Premium Choice,Sandwich Biscuits,"Golden baked biscuits with a rich buttery flavour, suitable for retailers, distributors and wholesale customers.",Box,20 x 100g,6079,8300.0,284,1572,Active
PROD-000210,Cocoa Sandwich,Crispy Crown,Kids Biscuits,"Premium crunchy biscuits with a rich chocolate flavour and satisfying texture, suitable for family consumption.",Pack,20 x 100g,11197,14800.0,283,2433,Active
PROD-000211,Honey Crunch,Premium Choice,Chocolate Biscuits,"Rich chocolate biscuits with a balanced sweetness and crisp texture, ideal for supermarkets and wholesale outlets.",Box,10 x 200g,11778,13600.0,198,2139,Active
PROD-000212,Classic Cream,Biscuit House,Plain Biscuits,Delicious vanilla-flavoured cream biscuits combining a crunchy outer texture with a smooth centre.,Carton,10 x 200g,8372,10700.0,211,2239,Active
PROD-000213,Strawberry Cream,Crispy Crown,Sandwich Biscuits,"Crunchy snack biscuits offering a satisfying bite and distinctive flavour, suitable for everyday consumption.",Box,24 x 50g,9088,12300.0,54,2375,Active
PROD-000214,Rich Chocolate,Happy Crunch,Wafer Biscuits,Assorted biscuit selection combining popular flavours in a convenient commercial pack.,Carton,12 x 100g,6907,9600.0,299,2127,Active
PROD-000215,Milk Crunch,Family Treat,Sandwich Biscuits,Premium-quality wafer biscuits featuring delicate crispy layers and smooth flavoured cream.,Box,12 x 100g,10225,12200.0,52,3003,Active
PROD-000216,Chocolate Delight,Biscuit House,Wafer Biscuits,"Golden baked biscuits with a rich buttery flavour, suitable for retailers, distributors and wholesale customers.",Pack,12 x 150g,13012,15000.0,264,2954,Active
PROD-000217,Rich Chocolate,Sweet Valley,Sandwich Biscuits,"Premium crunchy biscuits with a rich chocolate flavour and satisfying texture, suitable for family consumption.",Pack,10 x 200g,2591,3500.0,183,2190,Active
PROD-000218,Butter Delight,Premium Choice,Chocolate Biscuits,"Classic family-friendly biscuits packaged for convenient storage, transportation and retail distribution.",Box,12 x 100g,10029,12600.0,98,1398,Active
PROD-000219,Family Pack,Happy Crunch,Chocolate Biscuits,Light and crispy biscuits carefully produced for convenient retail display and high-volume distribution.,Box,24 x 50g,7413,9000.0,250,2437,Active
PROD-000220,Butter Delight,Happy Crunch,Sandwich Biscuits,"Premium crunchy biscuits with a rich chocolate flavour and satisfying texture, suitable for family consumption.",Carton,10 x 200g,5848,8000.0,145,1662,Active
PROD-000221,Butter Delight,Sweet Valley,Wafer Biscuits,"Rich chocolate biscuits with a balanced sweetness and crisp texture, ideal for supermarkets and wholesale outlets.",Pack,10 x 200g,14477,17700.0,68,2090,Active
PROD-000222,Family Pack,Crispy Crown,Sandwich Biscuits,Premium-quality wafer biscuits featuring delicate crispy layers and smooth flavoured cream.,Box,48 x 25g,11595,14800.0,88,2206,Active
PROD-000223,Golden Crunch,Crispy Crown,Chocolate Biscuits,"Rich chocolate biscuits with a balanced sweetness and crisp texture, ideal for supermarkets and wholesale outlets.",Box,24 x 50g,5414,7400.0,213,1126,Active
PROD-000224,Premium Wafer,Biscuit House,Sandwich Biscuits,"Premium crunchy biscuits with a rich chocolate flavour and satisfying texture, suitable for family consumption.",Carton,48 x 25g,6153,8400.0,232,1397,Active
PROD-000225,Vanilla Cream,Sweet Valley,Sandwich Biscuits,"Golden baked biscuits with a rich buttery flavour, suitable for retailers, distributors and wholesale customers.",Pack,20 x 100g,14783,18500.0,147,1050,Active
PROD-000226,Rich Chocolate,Daily Delight,Sandwich Biscuits,"Rich chocolate biscuits with a balanced sweetness and crisp texture, ideal for supermarkets and wholesale outlets.",Pack,20 x 100g,4259,5900.0,170,2202,Active
PROD-000227,Rich Chocolate,Happy Crunch,Chocolate Biscuits,"Classic family-friendly biscuits packaged for convenient storage, transportation and retail distribution.",Box,20 x 100g,3877,4600.0,173,2646,Active
PROD-000228,Coconut Crunch,Golden Bite,Sandwich Biscuits,Delicious vanilla-flavoured cream biscuits combining a crunchy outer texture with a smooth centre.,Carton,48 x 25g,13232,18400.0,69,2122,Active
PROD-000229,Chocolate Delight,Golden Bite,Chocolate Biscuits,Assorted biscuit selection combining popular flavours in a convenient commercial pack.,Carton,12 x 100g,14381,19600.0,91,2197,Active
PROD-000230,Family Pack,Family Treat,Cream Biscuits,"Crispy golden biscuits with a smooth cream filling, designed for everyday retail and wholesale distribution.",Box,24 x 75g,10719,14900.0,128,1594,Active
PROD-000231,Strawberry Cream,Family Treat,Crackers,Assorted biscuit selection combining popular flavours in a convenient commercial pack.,Box,12 x 150g,9954,12100.0,141,1971,Active
PROD-000232,Coconut Crunch,Royal Treat,Assorted Biscuits,Assorted biscuit selection combining popular flavours in a convenient commercial pack.,Carton,10 x 200g,14275,19200.0,182,2327,Active
PROD-000233,Strawberry Cream,Premium Choice,Chocolate Biscuits,Delicious vanilla-flavoured cream biscuits combining a crunchy outer texture with a smooth centre.,Box,10 x 200g,8820,12200.0,273,1626,Active
PROD-000234,Strawberry Cream,Happy Crunch,Sandwich Biscuits,"Crispy golden biscuits with a smooth cream filling, designed for everyday retail and wholesale distribution.",Pack,12 x 150g,4353,5800.0,77,2266,Active
PROD-000235,Vanilla Cream,Royal Treat,Crackers,"Rich chocolate biscuits with a balanced sweetness and crisp texture, ideal for supermarkets and wholesale outlets.",Box,24 x 75g,14997,17800.0,158,1211,Active
PROD-000236,Golden Crunch,Sweet Valley,Wafer Biscuits,"Rich chocolate biscuits with a balanced sweetness and crisp texture, ideal for supermarkets and wholesale outlets.",Pack,12 x 100g,10294,13100.0,142,1070,Active
PROD-000237,Strawberry Cream,Premium Choice,Chocolate Biscuits,"Premium crunchy biscuits with a rich chocolate flavour and satisfying texture, suitable for family consumption.",Box,48 x 25g,9395,10900.0,204,3154,Active
PROD-000238,Cocoa Sandwich,Biscuit House,Cream Biscuits,"Rich chocolate biscuits with a balanced sweetness and crisp texture, ideal for supermarkets and wholesale outlets.",Carton,12 x 100g,7754,9200.0,287,2262,Active
PROD-000239,Milk Crunch,Crunchy Gold,Kids Biscuits,"Crunchy snack biscuits offering a satisfying bite and distinctive flavour, suitable for everyday consumption.",Carton,48 x 25g,3665,5000.0,239,1961,Active
PROD-000240,Chocolate Delight,Royal Treat,Sandwich Biscuits,"Rich chocolate biscuits with a balanced sweetness and crisp texture, ideal for supermarkets and wholesale outlets.",Carton,48 x 25g,13951,18000.0,115,2104,Active
PROD-000241,Premium Wafer,Biscuit House,Chocolate Biscuits,Assorted biscuit selection combining popular flavours in a convenient commercial pack.,Pack,48 x 25g,13847,16800.0,255,1781,Active
PROD-000242,Caramel Cream,Family Treat,Assorted Biscuits,"Crunchy snack biscuits offering a satisfying bite and distinctive flavour, suitable for everyday consumption.",Pack,12 x 150g,10702,13500.0,58,2921,Active
PROD-000243,Butter Delight,Royal Treat,Wafer Biscuits,Delicious vanilla-flavoured cream biscuits combining a crunchy outer texture with a smooth centre.,Carton,12 x 150g,14507,19700.0,76,1628,Active
PROD-000244,Golden Crunch,Daily Delight,Crackers,"Classic family-friendly biscuits packaged for convenient storage, transportation and retail distribution.",Carton,12 x 150g,3452,4200.0,170,2073,Active
PROD-000245,Rich Chocolate,Royal Treat,Cream Biscuits,"Classic family-friendly biscuits packaged for convenient storage, transportation and retail distribution.",Box,12 x 150g,6828,7900.0,265,1912,Active
PROD-000246,Milk Crunch,Happy Crunch,Wafer Biscuits,"Rich chocolate biscuits with a balanced sweetness and crisp texture, ideal for supermarkets and wholesale outlets.",Box,48 x 25g,4940,6800.0,199,2918,Active
PROD-000247,Honey Crunch,Family Treat,Chocolate Biscuits,Assorted biscuit selection combining popular flavours in a convenient commercial pack.,Carton,20 x 100g,8429,11600.0,196,1157,Active
PROD-000248,Premium Wafer,Crispy Crown,Crackers,"Golden baked biscuits with a rich buttery flavour, suitable for retailers, distributors and wholesale customers.",Box,12 x 150g,4631,6300.0,227,1774,Active
PROD-000249,Chocolate Delight,Biscuit House,Kids Biscuits,"Rich chocolate biscuits with a balanced sweetness and crisp texture, ideal for supermarkets and wholesale outlets.",Box,10 x 200g,9717,12200.0,153,2301,Active
PROD-000250,Golden Crunch,Family Treat,Chocolate Biscuits,"Golden baked biscuits with a rich buttery flavour, suitable for retailers, distributors and wholesale customers.",Carton,12 x 150g,11823,15900.0,73,2013,Active
PROD-000251,Golden Crunch,Daily Delight,Assorted Biscuits,Assorted biscuit selection combining popular flavours in a convenient commercial pack.,Carton,12 x 100g,12799,15600.0,250,2334,Active
PROD-000252,Coconut Crunch,Crispy Crown,Wafer Biscuits,"Rich chocolate biscuits with a balanced sweetness and crisp texture, ideal for supermarkets and wholesale outlets.",Box,48 x 25g,8718,10100.0,144,1946,Active
PROD-000253,Classic Crackers,Crispy Crown,Wafer Biscuits,"Golden baked biscuits with a rich buttery flavour, suitable for retailers, distributors and wholesale customers.",Box,10 x 200g,8893,12100.0,151,1130,Active
PROD-000254,Classic Crackers,Royal Treat,Cream Biscuits,"Classic family-friendly biscuits packaged for convenient storage, transportation and retail distribution.",Pack,24 x 75g,3135,4300.0,156,2566,Active
PROD-000255,Caramel Cream,Royal Treat,Assorted Biscuits,"Classic family-friendly biscuits packaged for convenient storage, transportation and retail distribution.",Pack,12 x 150g,4858,6200.0,174,2747,Active
PROD-000256,Classic Crackers,Golden Bite,Kids Biscuits,Premium-quality wafer biscuits featuring delicate crispy layers and smooth flavoured cream.,Box,24 x 75g,14416,18300.0,175,2108,Active
PROD-000257,Butter Delight,Sweet Valley,Plain Biscuits,Light and crispy biscuits carefully produced for convenient retail display and high-volume distribution.,Carton,12 x 150g,9016,12000.0,96,1086,Active
PROD-000258,Strawberry Cream,Crunchy Gold,Sandwich Biscuits,Light and crispy biscuits carefully produced for convenient retail display and high-volume distribution.,Carton,12 x 150g,13615,18700.0,142,1522,Active
PROD-000259,Premium Wafer,Premium Choice,Assorted Biscuits,"Golden baked biscuits with a rich buttery flavour, suitable for retailers, distributors and wholesale customers.",Carton,12 x 150g,9906,12900.0,280,2718,Active
PROD-000260,Milk Crunch,Sweet Valley,Chocolate Biscuits,"Crunchy snack biscuits offering a satisfying bite and distinctive flavour, suitable for everyday consumption.",Carton,24 x 75g,7679,8900.0,214,2084,Active
PROD-000261,Chocolate Delight,Golden Bite,Plain Biscuits,"Premium crunchy biscuits with a rich chocolate flavour and satisfying texture, suitable for family consumption.",Pack,12 x 100g,6367,8400.0,293,3188,Active
PROD-000262,Honey Crunch,Crunchy Gold,Assorted Biscuits,Delicious vanilla-flavoured cream biscuits combining a crunchy outer texture with a smooth centre.,Box,20 x 100g,14130,19700.0,106,2411,Active
PROD-000263,Golden Crunch,Sweet Valley,Plain Biscuits,Delicious vanilla-flavoured cream biscuits combining a crunchy outer texture with a smooth centre.,Carton,12 x 150g,6958,8100.0,63,2734,Active
PROD-000264,Coconut Crunch,Family Treat,Sandwich Biscuits,"Premium crunchy biscuits with a rich chocolate flavour and satisfying texture, suitable for family consumption.",Carton,10 x 200g,8923,12400.0,117,2247,Active
PROD-000265,Classic Cream,Daily Delight,Kids Biscuits,Light and crispy biscuits carefully produced for convenient retail display and high-volume distribution.,Pack,12 x 100g,5513,6700.0,272,2130,Active
PROD-000266,Strawberry Cream,Crispy Crown,Chocolate Biscuits,Assorted biscuit selection combining popular flavours in a convenient commercial pack.,Box,12 x 150g,14180,18600.0,275,993,Active
PROD-000267,Honey Crunch,Sweet Valley,Sandwich Biscuits,"Golden baked biscuits with a rich buttery flavour, suitable for retailers, distributors and wholesale customers.",Box,48 x 25g,7124,9500.0,252,1244,Active
PROD-000268,Milk Crunch,Sweet Valley,Wafer Biscuits,Light and crispy biscuits carefully produced for convenient retail display and high-volume distribution.,Pack,20 x 100g,4828,6300.0,288,2644,Active
PROD-000269,Golden Crunch,Daily Delight,Cream Biscuits,"Golden baked biscuits with a rich buttery flavour, suitable for retailers, distributors and wholesale customers.",Pack,12 x 150g,7224,8900.0,265,1877,Active
PROD-000270,Vanilla Cream,Biscuit House,Wafer Biscuits,"Classic family-friendly biscuits packaged for convenient storage, transportation and retail distribution.",Box,24 x 50g,9742,13300.0,53,1880,Active
PROD-000271,Vanilla Cream,Biscuit House,Chocolate Biscuits,"Crunchy snack biscuits offering a satisfying bite and distinctive flavour, suitable for everyday consumption.",Box,48 x 25g,11333,13200.0,299,2128,Active
PROD-000272,Classic Crackers,Happy Crunch,Kids Biscuits,Delicious vanilla-flavoured cream biscuits combining a crunchy outer texture with a smooth centre.,Carton,24 x 50g,8386,10200.0,218,2307,Active
PROD-000273,Family Pack,Happy Crunch,Crackers,"Classic family-friendly biscuits packaged for convenient storage, transportation and retail distribution.",Box,48 x 25g,4451,5300.0,206,2915,Active
PROD-000274,Vanilla Cream,Biscuit House,Cream Biscuits,"Rich chocolate biscuits with a balanced sweetness and crisp texture, ideal for supermarkets and wholesale outlets.",Box,10 x 200g,10400,13600.0,124,1274,Active
PROD-000275,Family Pack,Family Treat,Chocolate Biscuits,"Rich chocolate biscuits with a balanced sweetness and crisp texture, ideal for supermarkets and wholesale outlets.",Box,12 x 150g,8838,10800.0,265,2398,Active
PROD-000276,Coconut Crunch,Sweet Valley,Cream Biscuits,"Crunchy snack biscuits offering a satisfying bite and distinctive flavour, suitable for everyday consumption.",Pack,24 x 50g,3140,4000.0,296,1741,Active
PROD-000277,Premium Wafer,Premium Choice,Wafer Biscuits,Delicious vanilla-flavoured cream biscuits combining a crunchy outer texture with a smooth centre.,Pack,10 x 200g,11526,15800.0,142,2963,Active
PROD-000278,Strawberry Cream,Daily Delight,Assorted Biscuits,"Classic family-friendly biscuits packaged for convenient storage, transportation and retail distribution.",Box,24 x 50g,11392,13900.0,282,1562,Active
PROD-000279,Milk Crunch,Biscuit House,Cream Biscuits,Premium-quality wafer biscuits featuring delicate crispy layers and smooth flavoured cream.,Box,24 x 75g,8099,9800.0,96,1646,Active
PROD-000280,Strawberry Cream,Daily Delight,Wafer Biscuits,"Premium crunchy biscuits with a rich chocolate flavour and satisfying texture, suitable for family consumption.",Pack,12 x 100g,9817,13000.0,157,912,Active
PROD-000281,Vanilla Cream,Crunchy Gold,Assorted Biscuits,"Classic family-friendly biscuits packaged for convenient storage, transportation and retail distribution.",Carton,48 x 25g,3850,5000.0,215,2326,Active
PROD-000282,Premium Wafer,Royal Treat,Chocolate Biscuits,"Rich chocolate biscuits with a balanced sweetness and crisp texture, ideal for supermarkets and wholesale outlets.",Box,12 x 150g,7520,9100.0,105,2206,Active
PROD-000283,Cocoa Sandwich,Crispy Crown,Sandwich Biscuits,Light and crispy biscuits carefully produced for convenient retail display and high-volume distribution.,Box,20 x 100g,4435,5100.0,221,2021,Active
PROD-000284,Family Pack,Premium Choice,Cream Biscuits,"Crispy golden biscuits with a smooth cream filling, designed for everyday retail and wholesale distribution.",Carton,48 x 25g,14630,18400.0,139,2352,Active
PROD-000285,Golden Crunch,Daily Delight,Cream Biscuits,"Classic family-friendly biscuits packaged for convenient storage, transportation and retail distribution.",Pack,20 x 100g,3538,4300.0,83,1424,Active
PROD-000286,Honey Crunch,Sweet Valley,Cream Biscuits,"Crunchy snack biscuits offering a satisfying bite and distinctive flavour, suitable for everyday consumption.",Box,12 x 150g,11654,15500.0,129,2933,Active
PROD-000287,Caramel Cream,Daily Delight,Crackers,Premium-quality wafer biscuits featuring delicate crispy layers and smooth flavoured cream.,Pack,48 x 25g,5407,6600.0,144,1686,Active
PROD-000288,Strawberry Cream,Daily Delight,Chocolate Biscuits,Light and crispy biscuits carefully produced for convenient retail display and high-volume distribution.,Box,12 x 150g,7552,8800.0,254,2330,Active
PROD-000289,Chocolate Delight,Golden Bite,Kids Biscuits,"Crispy golden biscuits with a smooth cream filling, designed for everyday retail and wholesale distribution.",Pack,48 x 25g,2947,3700.0,164,1750,Active
PROD-000290,Golden Crunch,Sweet Valley,Wafer Biscuits,"Crispy golden biscuits with a smooth cream filling, designed for everyday retail and wholesale distribution.",Pack,10 x 200g,13530,16400.0,222,2790,Active
PROD-000291,Golden Crunch,Biscuit House,Sandwich Biscuits,"Premium crunchy biscuits with a rich chocolate flavour and satisfying texture, suitable for family consumption.",Pack,10 x 200g,12703,15900.0,63,2828,Active
PROD-000292,Caramel Cream,Family Treat,Crackers,"Golden baked biscuits with a rich buttery flavour, suitable for retailers, distributors and wholesale customers.",Box,12 x 100g,11764,14200.0,123,1432,Active
PROD-000293,Vanilla Cream,Golden Bite,Sandwich Biscuits,"Rich chocolate biscuits with a balanced sweetness and crisp texture, ideal for supermarkets and wholesale outlets.",Box,10 x 200g,10087,14100.0,207,2309,Active
PROD-000294,Chocolate Delight,Golden Bite,Cream Biscuits,Premium-quality wafer biscuits featuring delicate crispy layers and smooth flavoured cream.,Carton,24 x 75g,14294,19200.0,84,2372,Active
PROD-000295,Honey Crunch,Crispy Crown,Kids Biscuits,"Golden baked biscuits with a rich buttery flavour, suitable for retailers, distributors and wholesale customers.",Box,12 x 100g,8910,12000.0,131,1368,Active
PROD-000296,Premium Wafer,Sweet Valley,Assorted Biscuits,Premium-quality wafer biscuits featuring delicate crispy layers and smooth flavoured cream.,Box,12 x 100g,8152,11200.0,143,1874,Active
PROD-000297,Caramel Cream,Royal Treat,Assorted Biscuits,"Crunchy snack biscuits offering a satisfying bite and distinctive flavour, suitable for everyday consumption.",Pack,12 x 100g,9252,10800.0,90,958,Active
PROD-000298,Chocolate Delight,Premium Choice,Wafer Biscuits,Premium-quality wafer biscuits featuring delicate crispy layers and smooth flavoured cream.,Carton,20 x 100g,10850,13400.0,97,2438,Active
PROD-000299,Butter Delight,Family Treat,Assorted Biscuits,"Golden baked biscuits with a rich buttery flavour, suitable for retailers, distributors and wholesale customers.",Carton,12 x 100g,4166,5500.0,64,2860,Active
PROD-000300,Vanilla Cream,Golden Bite,Cream Biscuits,"Golden baked biscuits with a rich buttery flavour, suitable for retailers, distributors and wholesale customers.",Pack,10 x 200g,7369,9400.0,225,1559,Active
PROD-000301,Chocolate Delight,Premium Choice,Assorted Biscuits,"Classic family-friendly biscuits packaged for convenient storage, transportation and retail distribution.",Box,48 x 25g,14481,20200.0,136,2101,Active
PROD-000302,Rich Chocolate,Happy Crunch,Plain Biscuits,"Crispy golden biscuits with a smooth cream filling, designed for everyday retail and wholesale distribution.",Box,24 x 50g,4991,6000.0,126,1866,Active
PROD-000303,Milk Crunch,Biscuit House,Wafer Biscuits,Premium-quality wafer biscuits featuring delicate crispy layers and smooth flavoured cream.,Box,12 x 100g,13420,16200.0,84,2518,Active
PROD-000304,Classic Cream,Sweet Valley,Chocolate Biscuits,"Rich chocolate biscuits with a balanced sweetness and crisp texture, ideal for supermarkets and wholesale outlets.",Carton,24 x 75g,10634,14900.0,212,1790,Active
PROD-000305,Coconut Crunch,Daily Delight,Assorted Biscuits,"Crunchy snack biscuits offering a satisfying bite and distinctive flavour, suitable for everyday consumption.",Carton,48 x 25g,12876,15700.0,175,1470,Active
PROD-000306,Golden Crunch,Biscuit House,Crackers,"Classic family-friendly biscuits packaged for convenient storage, transportation and retail distribution.",Pack,12 x 100g,10414,13000.0,59,2640,Active
PROD-000307,Caramel Cream,Crunchy Gold,Sandwich Biscuits,"Crunchy snack biscuits offering a satisfying bite and distinctive flavour, suitable for everyday consumption.",Pack,24 x 75g,11798,15600.0,76,2157,Active
PROD-000308,Rich Chocolate,Royal Treat,Wafer Biscuits,Assorted biscuit selection combining popular flavours in a convenient commercial pack.,Pack,24 x 50g,12305,14300.0,125,2267,Active
PROD-000309,Vanilla Cream,Family Treat,Kids Biscuits,"Rich chocolate biscuits with a balanced sweetness and crisp texture, ideal for supermarkets and wholesale outlets.",Pack,12 x 150g,9173,12000.0,64,3351,Active
PROD-000310,Caramel Cream,Family Treat,Crackers,"Crispy golden biscuits with a smooth cream filling, designed for everyday retail and wholesale distribution.",Pack,24 x 75g,13480,17800.0,114,1366,Active
PROD-000311,Vanilla Cream,Sweet Valley,Chocolate Biscuits,"Rich chocolate biscuits with a balanced sweetness and crisp texture, ideal for supermarkets and wholesale outlets.",Box,10 x 200g,7895,10900.0,168,840,Active
PROD-000312,Golden Crunch,Happy Crunch,Wafer Biscuits,"Golden baked biscuits with a rich buttery flavour, suitable for retailers, distributors and wholesale customers.",Pack,48 x 25g,8783,11000.0,181,828,Active
PROD-000313,Classic Crackers,Crunchy Gold,Sandwich Biscuits,"Crispy golden biscuits with a smooth cream filling, designed for everyday retail and wholesale distribution.",Pack,12 x 100g,6433,8200.0,269,1733,Active
PROD-000314,Vanilla Cream,Family Treat,Plain Biscuits,"Golden baked biscuits with a rich buttery flavour, suitable for retailers, distributors and wholesale customers.",Pack,24 x 75g,12615,17600.0,215,3171,Active
PROD-000315,Rich Chocolate,Crispy Crown,Wafer Biscuits,Light and crispy biscuits carefully produced for convenient retail display and high-volume distribution.,Pack,12 x 150g,8127,10100.0,180,1624,Active
PROD-000316,Rich Chocolate,Crispy Crown,Crackers,Light and crispy biscuits carefully produced for convenient retail display and high-volume distribution.,Carton,24 x 50g,5065,6600.0,169,1527,Active
PROD-000317,Cocoa Sandwich,Family Treat,Kids Biscuits,Delicious vanilla-flavoured cream biscuits combining a crunchy outer texture with a smooth centre.,Box,24 x 75g,14716,17000.0,225,1573,Active
PROD-000318,Golden Crunch,Premium Choice,Kids Biscuits,Assorted biscuit selection combining popular flavours in a convenient commercial pack.,Carton,12 x 150g,11654,15700.0,268,2018,Active
PROD-000319,Vanilla Cream,Daily Delight,Assorted Biscuits,Premium-quality wafer biscuits featuring delicate crispy layers and smooth flavoured cream.,Box,48 x 25g,9823,13600.0,92,731,Active
PROD-000320,Classic Crackers,Family Treat,Crackers,"Crunchy snack biscuits offering a satisfying bite and distinctive flavour, suitable for everyday consumption.",Pack,12 x 150g,9813,12000.0,252,3169,Active
PROD-000321,Coconut Crunch,Golden Bite,Crackers,Delicious vanilla-flavoured cream biscuits combining a crunchy outer texture with a smooth centre.,Carton,10 x 200g,11208,15100.0,87,2785,Active
PROD-000322,Chocolate Delight,Family Treat,Plain Biscuits,Delicious vanilla-flavoured cream biscuits combining a crunchy outer texture with a smooth centre.,Carton,12 x 150g,7884,10100.0,102,2171,Active
PROD-000323,Rich Chocolate,Happy Crunch,Assorted Biscuits,Assorted biscuit selection combining popular flavours in a convenient commercial pack.,Box,24 x 75g,5687,6600.0,226,2218,Active
PROD-000324,Caramel Cream,Biscuit House,Sandwich Biscuits,"Crispy golden biscuits with a smooth cream filling, designed for everyday retail and wholesale distribution.",Carton,12 x 100g,14255,19600.0,226,1915,Active
PROD-000325,Vanilla Cream,Crispy Crown,Assorted Biscuits,Light and crispy biscuits carefully produced for convenient retail display and high-volume distribution.,Pack,24 x 50g,10470,14100.0,289,2250,Active
PROD-000326,Classic Cream,Premium Choice,Crackers,Assorted biscuit selection combining popular flavours in a convenient commercial pack.,Carton,12 x 100g,10255,13000.0,69,1685,Active
PROD-000327,Strawberry Cream,Crunchy Gold,Sandwich Biscuits,Light and crispy biscuits carefully produced for convenient retail display and high-volume distribution.,Pack,24 x 50g,6151,7600.0,122,2196,Active
PROD-000328,Premium Wafer,Sweet Valley,Assorted Biscuits,"Rich chocolate biscuits with a balanced sweetness and crisp texture, ideal for supermarkets and wholesale outlets.",Box,48 x 25g,6903,8300.0,136,1218,Active
PROD-000329,Golden Crunch,Happy Crunch,Sandwich Biscuits,"Crispy golden biscuits with a smooth cream filling, designed for everyday retail and wholesale distribution.",Pack,12 x 150g,10093,13100.0,55,2356,Active
PROD-000330,Family Pack,Golden Bite,Wafer Biscuits,"Golden baked biscuits with a rich buttery flavour, suitable for retailers, distributors and wholesale customers.",Carton,24 x 50g,4181,5600.0,262,1718,Active
PROD-000331,Classic Cream,Family Treat,Crackers,Light and crispy biscuits carefully produced for convenient retail display and high-volume distribution.,Pack,24 x 75g,8462,11400.0,249,1834,Active
PROD-000332,Butter Delight,Happy Crunch,Wafer Biscuits,"Classic family-friendly biscuits packaged for convenient storage, transportation and retail distribution.",Box,10 x 200g,14829,20200.0,290,2637,Active
PROD-000333,Butter Delight,Crispy Crown,Sandwich Biscuits,"Crispy golden biscuits with a smooth cream filling, designed for everyday retail and wholesale distribution.",Box,12 x 150g,4577,5900.0,227,1696,Active
PROD-000334,Coconut Crunch,Crunchy Gold,Kids Biscuits,Light and crispy biscuits carefully produced for convenient retail display and high-volume distribution.,Carton,24 x 75g,7391,9800.0,273,1789,Active
PROD-000335,Honey Crunch,Daily Delight,Kids Biscuits,Light and crispy biscuits carefully produced for convenient retail display and high-volume distribution.,Box,48 x 25g,8997,11100.0,158,2158,Active
PROD-000336,Butter Delight,Golden Bite,Kids Biscuits,Delicious vanilla-flavoured cream biscuits combining a crunchy outer texture with a smooth centre.,Box,12 x 150g,5920,8200.0,58,2897,Active
PROD-000337,Premium Wafer,Premium Choice,Crackers,"Crunchy snack biscuits offering a satisfying bite and distinctive flavour, suitable for everyday consumption.",Pack,24 x 75g,8063,10100.0,174,1936,Active
PROD-000338,Classic Crackers,Crunchy Gold,Chocolate Biscuits,Light and crispy biscuits carefully produced for convenient retail display and high-volume distribution.,Carton,12 x 150g,3441,4200.0,158,1787,Active
PROD-000339,Classic Cream,Sweet Valley,Chocolate Biscuits,Assorted biscuit selection combining popular flavours in a convenient commercial pack.,Carton,12 x 150g,6611,8000.0,107,1063,Active
PROD-000340,Milk Crunch,Daily Delight,Cream Biscuits,Premium-quality wafer biscuits featuring delicate crispy layers and smooth flavoured cream.,Carton,10 x 200g,13289,17100.0,206,1657,Active
PROD-000341,Family Pack,Daily Delight,Crackers,"Classic family-friendly biscuits packaged for convenient storage, transportation and retail distribution.",Pack,10 x 200g,9496,11500.0,199,3100,Active
PROD-000342,Milk Crunch,Golden Bite,Kids Biscuits,"Crunchy snack biscuits offering a satisfying bite and distinctive flavour, suitable for everyday consumption.",Carton,24 x 75g,5436,7600.0,142,1111,Active
PROD-000343,Butter Delight,Daily Delight,Sandwich Biscuits,"Crispy golden biscuits with a smooth cream filling, designed for everyday retail and wholesale distribution.",Box,24 x 50g,3872,5000.0,70,1241,Active
PROD-000344,Butter Delight,Biscuit House,Assorted Biscuits,"Rich chocolate biscuits with a balanced sweetness and crisp texture, ideal for supermarkets and wholesale outlets.",Box,10 x 200g,10108,11800.0,195,2219,Active
PROD-000345,Classic Cream,Crunchy Gold,Chocolate Biscuits,Delicious vanilla-flavoured cream biscuits combining a crunchy outer texture with a smooth centre.,Carton,12 x 100g,10286,13600.0,53,1295,Active
PROD-000346,Vanilla Cream,Premium Choice,Kids Biscuits,"Crispy golden biscuits with a smooth cream filling, designed for everyday retail and wholesale distribution.",Carton,24 x 50g,11118,15400.0,145,1121,Active
PROD-000347,Coconut Crunch,Golden Bite,Plain Biscuits,"Crispy golden biscuits with a smooth cream filling, designed for everyday retail and wholesale distribution.",Box,12 x 100g,11499,13900.0,122,2480,Active
PROD-000348,Coconut Crunch,Happy Crunch,Chocolate Biscuits,"Crispy golden biscuits with a smooth cream filling, designed for everyday retail and wholesale distribution.",Carton,10 x 200g,11460,13900.0,60,1797,Active
PROD-000349,Coconut Crunch,Royal Treat,Wafer Biscuits,"Premium crunchy biscuits with a rich chocolate flavour and satisfying texture, suitable for family consumption.",Carton,10 x 200g,11246,15600.0,282,2977,Active
PROD-000350,Classic Crackers,Daily Delight,Kids Biscuits,Light and crispy biscuits carefully produced for convenient retail display and high-volume distribution.,Pack,10 x 200g,10354,13200.0,127,1961,Active
PROD-000351,Golden Crunch,Family Treat,Cream Biscuits,"Premium crunchy biscuits with a rich chocolate flavour and satisfying texture, suitable for family consumption.",Carton,48 x 25g,9613,13000.0,171,2918,Active
PROD-000352,Classic Crackers,Golden Bite,Crackers,"Crispy golden biscuits with a smooth cream filling, designed for everyday retail and wholesale distribution.",Pack,24 x 50g,8317,11000.0,193,1366,Active
PROD-000353,Honey Crunch,Golden Bite,Crackers,"Crispy golden biscuits with a smooth cream filling, designed for everyday retail and wholesale distribution.",Box,24 x 50g,5424,6400.0,250,2069,Active
PROD-000354,Milk Crunch,Happy Crunch,Plain Biscuits,"Premium crunchy biscuits with a rich chocolate flavour and satisfying texture, suitable for family consumption.",Box,10 x 200g,14407,19100.0,183,1033,Active
PROD-000355,Classic Cream,Crispy Crown,Crackers,"Golden baked biscuits with a rich buttery flavour, suitable for retailers, distributors and wholesale customers.",Box,12 x 100g,4294,5300.0,265,1954,Active
PROD-000356,Rich Chocolate,Family Treat,Cream Biscuits,"Premium crunchy biscuits with a rich chocolate flavour and satisfying texture, suitable for family consumption.",Box,12 x 150g,13528,16400.0,180,1277,Active
PROD-000357,Butter Delight,Happy Crunch,Chocolate Biscuits,Assorted biscuit selection combining popular flavours in a convenient commercial pack.,Carton,12 x 150g,7398,9300.0,207,2433,Active
PROD-000358,Premium Wafer,Family Treat,Cream Biscuits,"Classic family-friendly biscuits packaged for convenient storage, transportation and retail distribution.",Pack,20 x 100g,12485,17100.0,242,2959,Active
PROD-000359,Honey Crunch,Daily Delight,Crackers,Delicious vanilla-flavoured cream biscuits combining a crunchy outer texture with a smooth centre.,Pack,20 x 100g,10621,12800.0,272,2193,Active
PROD-000360,Cocoa Sandwich,Crunchy Gold,Plain Biscuits,Delicious vanilla-flavoured cream biscuits combining a crunchy outer texture with a smooth centre.,Carton,12 x 100g,13981,17800.0,86,2383,Active
PROD-000361,Honey Crunch,Golden Bite,Kids Biscuits,Assorted biscuit selection combining popular flavours in a convenient commercial pack.,Carton,48 x 25g,4920,6700.0,223,1787,Active
PROD-000362,Milk Crunch,Happy Crunch,Crackers,"Golden baked biscuits with a rich buttery flavour, suitable for retailers, distributors and wholesale customers.",Carton,48 x 25g,10940,14500.0,282,2354,Active
PROD-000363,Coconut Crunch,Golden Bite,Assorted Biscuits,"Classic family-friendly biscuits packaged for convenient storage, transportation and retail distribution.",Box,20 x 100g,12747,15500.0,173,1160,Active
PROD-000364,Rich Chocolate,Royal Treat,Cream Biscuits,Light and crispy biscuits carefully produced for convenient retail display and high-volume distribution.,Box,24 x 75g,13136,17600.0,87,2236,Active
PROD-000365,Butter Delight,Royal Treat,Chocolate Biscuits,"Rich chocolate biscuits with a balanced sweetness and crisp texture, ideal for supermarkets and wholesale outlets.",Box,20 x 100g,13157,15700.0,202,1676,Active
PROD-000366,Cocoa Sandwich,Daily Delight,Crackers,Assorted biscuit selection combining popular flavours in a convenient commercial pack.,Pack,12 x 100g,9154,11900.0,134,2239,Active
PROD-000367,Vanilla Cream,Daily Delight,Chocolate Biscuits,Delicious vanilla-flavoured cream biscuits combining a crunchy outer texture with a smooth centre.,Carton,12 x 150g,3641,4700.0,84,1422,Active
PROD-000368,Cocoa Sandwich,Family Treat,Sandwich Biscuits,Assorted biscuit selection combining popular flavours in a convenient commercial pack.,Carton,12 x 100g,3693,4600.0,112,2041,Active
PROD-000369,Butter Delight,Crispy Crown,Kids Biscuits,Assorted biscuit selection combining popular flavours in a convenient commercial pack.,Carton,10 x 200g,14630,17600.0,157,1954,Active
PROD-000370,Golden Crunch,Crispy Crown,Assorted Biscuits,"Rich chocolate biscuits with a balanced sweetness and crisp texture, ideal for supermarkets and wholesale outlets.",Carton,24 x 50g,7791,9600.0,284,2287,Active
PROD-000371,Butter Delight,Biscuit House,Kids Biscuits,Premium-quality wafer biscuits featuring delicate crispy layers and smooth flavoured cream.,Box,24 x 50g,14386,17200.0,111,801,Active
PROD-000372,Milk Crunch,Crispy Crown,Plain Biscuits,Premium-quality wafer biscuits featuring delicate crispy layers and smooth flavoured cream.,Box,24 x 75g,5068,5900.0,251,1018,Active
PROD-000373,Honey Crunch,Sweet Valley,Wafer Biscuits,"Classic family-friendly biscuits packaged for convenient storage, transportation and retail distribution.",Pack,24 x 50g,8282,10500.0,57,2156,Active
PROD-000374,Chocolate Delight,Sweet Valley,Crackers,"Crispy golden biscuits with a smooth cream filling, designed for everyday retail and wholesale distribution.",Carton,20 x 100g,6308,7600.0,136,2325,Active
PROD-000375,Family Pack,Crunchy Gold,Sandwich Biscuits,Premium-quality wafer biscuits featuring delicate crispy layers and smooth flavoured cream.,Box,12 x 100g,14299,17700.0,95,2896,Active
PROD-000376,Caramel Cream,Premium Choice,Kids Biscuits,"Golden baked biscuits with a rich buttery flavour, suitable for retailers, distributors and wholesale customers.",Pack,12 x 100g,10030,13500.0,126,1849,Active
PROD-000377,Cocoa Sandwich,Premium Choice,Chocolate Biscuits,Light and crispy biscuits carefully produced for convenient retail display and high-volume distribution.,Carton,24 x 75g,7251,9600.0,127,1380,Active
PROD-000378,Chocolate Delight,Biscuit House,Chocolate Biscuits,"Golden baked biscuits with a rich buttery flavour, suitable for retailers, distributors and wholesale customers.",Carton,48 x 25g,7889,9500.0,262,3048,Active
PROD-000379,Family Pack,Royal Treat,Plain Biscuits,"Golden baked biscuits with a rich buttery flavour, suitable for retailers, distributors and wholesale customers.",Carton,12 x 150g,7917,11000.0,270,2150,Active
PROD-000380,Chocolate Delight,Sweet Valley,Kids Biscuits,Delicious vanilla-flavoured cream biscuits combining a crunchy outer texture with a smooth centre.,Carton,12 x 100g,6549,9100.0,264,1499,Active
PROD-000381,Coconut Crunch,Golden Bite,Sandwich Biscuits,Delicious vanilla-flavoured cream biscuits combining a crunchy outer texture with a smooth centre.,Pack,24 x 50g,9525,13200.0,87,1853,Active
PROD-000382,Golden Crunch,Daily Delight,Crackers,"Crispy golden biscuits with a smooth cream filling, designed for everyday retail and wholesale distribution.",Carton,24 x 75g,5533,7700.0,246,1603,Active
PROD-000383,Butter Delight,Sweet Valley,Kids Biscuits,"Crispy golden biscuits with a smooth cream filling, designed for everyday retail and wholesale distribution.",Carton,12 x 100g,14759,18700.0,256,1859,Active
PROD-000384,Classic Cream,Family Treat,Crackers,"Crunchy snack biscuits offering a satisfying bite and distinctive flavour, suitable for everyday consumption.",Carton,12 x 100g,10044,13700.0,62,2171,Active
PROD-000385,Golden Crunch,Premium Choice,Chocolate Biscuits,"Crunchy snack biscuits offering a satisfying bite and distinctive flavour, suitable for everyday consumption.",Carton,24 x 75g,5391,7200.0,152,3216,Active
PROD-000386,Strawberry Cream,Crunchy Gold,Wafer Biscuits,Premium-quality wafer biscuits featuring delicate crispy layers and smooth flavoured cream.,Pack,24 x 75g,6188,7400.0,62,1338,Active
PROD-000387,Strawberry Cream,Sweet Valley,Kids Biscuits,"Rich chocolate biscuits with a balanced sweetness and crisp texture, ideal for supermarkets and wholesale outlets.",Carton,24 x 50g,8348,9600.0,273,3001,Active
PROD-000388,Honey Crunch,Premium Choice,Assorted Biscuits,Premium-quality wafer biscuits featuring delicate crispy layers and smooth flavoured cream.,Carton,20 x 100g,14458,17400.0,149,1294,Active
PROD-000389,Chocolate Delight,Crunchy Gold,Wafer Biscuits,Delicious vanilla-flavoured cream biscuits combining a crunchy outer texture with a smooth centre.,Box,24 x 75g,6057,7800.0,101,1890,Active
PROD-000390,Caramel Cream,Premium Choice,Plain Biscuits,"Rich chocolate biscuits with a balanced sweetness and crisp texture, ideal for supermarkets and wholesale outlets.",Box,24 x 75g,9418,11300.0,242,2608,Active
PROD-000391,Caramel Cream,Premium Choice,Wafer Biscuits,"Crunchy snack biscuits offering a satisfying bite and distinctive flavour, suitable for everyday consumption.",Box,12 x 100g,5351,7200.0,146,998,Active
PROD-000392,Premium Wafer,Golden Bite,Kids Biscuits,"Crunchy snack biscuits offering a satisfying bite and distinctive flavour, suitable for everyday consumption.",Pack,48 x 25g,14075,16900.0,150,2935,Active
PROD-000393,Cocoa Sandwich,Golden Bite,Sandwich Biscuits,Delicious vanilla-flavoured cream biscuits combining a crunchy outer texture with a smooth centre.,Pack,24 x 75g,3377,4100.0,88,1736,Active
PROD-000394,Coconut Crunch,Premium Choice,Chocolate Biscuits,Assorted biscuit selection combining popular flavours in a convenient commercial pack.,Box,10 x 200g,7543,10200.0,91,1550,Active
PROD-000395,Cocoa Sandwich,Golden Bite,Crackers,Assorted biscuit selection combining popular flavours in a convenient commercial pack.,Box,12 x 150g,14204,17200.0,256,1513,Active
PROD-000396,Family Pack,Sweet Valley,Assorted Biscuits,"Classic family-friendly biscuits packaged for convenient storage, transportation and retail distribution.",Pack,48 x 25g,9210,12700.0,76,1907,Active
PROD-000397,Premium Wafer,Golden Bite,Chocolate Biscuits,Premium-quality wafer biscuits featuring delicate crispy layers and smooth flavoured cream.,Box,24 x 75g,7447,10100.0,204,2012,Active
PROD-000398,Chocolate Delight,Sweet Valley,Sandwich Biscuits,Assorted biscuit selection combining popular flavours in a convenient commercial pack.,Box,24 x 75g,3235,4300.0,278,1730,Active
PROD-000399,Rich Chocolate,Daily Delight,Cream Biscuits,"Crispy golden biscuits with a smooth cream filling, designed for everyday retail and wholesale distribution.",Carton,24 x 75g,6202,8300.0,215,2321,Active
PROD-000400,Strawberry Cream,Biscuit House,Cream Biscuits,"Crunchy snack biscuits offering a satisfying bite and distinctive flavour, suitable for everyday consumption.",Carton,20 x 100g,13610,15900.0,291,2037,Active
PROD-000401,Family Pack,Golden Bite,Chocolate Biscuits,"Crispy golden biscuits with a smooth cream filling, designed for everyday retail and wholesale distribution.",Box,20 x 100g,3521,4200.0,93,2699,Active
PROD-000402,Coconut Crunch,Premium Choice,Sandwich Biscuits,"Premium crunchy biscuits with a rich chocolate flavour and satisfying texture, suitable for family consumption.",Box,20 x 100g,14450,17300.0,107,2353,Active
PROD-000403,Milk Crunch,Biscuit House,Wafer Biscuits,"Premium crunchy biscuits with a rich chocolate flavour and satisfying texture, suitable for family consumption.",Carton,12 x 100g,6918,9000.0,149,1805,Active
PROD-000404,Butter Delight,Golden Bite,Crackers,"Rich chocolate biscuits with a balanced sweetness and crisp texture, ideal for supermarkets and wholesale outlets.",Box,20 x 100g,14151,16800.0,269,870,Active
PROD-000405,Classic Cream,Biscuit House,Cream Biscuits,"Premium crunchy biscuits with a rich chocolate flavour and satisfying texture, suitable for family consumption.",Pack,24 x 50g,4198,5000.0,293,1639,Active
PROD-000406,Caramel Cream,Biscuit House,Crackers,"Crispy golden biscuits with a smooth cream filling, designed for everyday retail and wholesale distribution.",Carton,24 x 50g,4915,6400.0,216,1689,Active
PROD-000407,Butter Delight,Sweet Valley,Sandwich Biscuits,"Classic family-friendly biscuits packaged for convenient storage, transportation and retail distribution.",Box,20 x 100g,14881,19400.0,169,2445,Active
PROD-000408,Premium Wafer,Daily Delight,Cream Biscuits,"Crunchy snack biscuits offering a satisfying bite and distinctive flavour, suitable for everyday consumption.",Box,10 x 200g,6737,8600.0,59,1646,Active
PROD-000409,Family Pack,Crunchy Gold,Chocolate Biscuits,"Crunchy snack biscuits offering a satisfying bite and distinctive flavour, suitable for everyday consumption.",Box,24 x 50g,13227,18200.0,171,2384,Active
PROD-000410,Honey Crunch,Daily Delight,Chocolate Biscuits,"Crispy golden biscuits with a smooth cream filling, designed for everyday retail and wholesale distribution.",Box,12 x 100g,5064,5900.0,209,1645,Active
PROD-000411,Classic Cream,Happy Crunch,Wafer Biscuits,Light and crispy biscuits carefully produced for convenient retail display and high-volume distribution.,Carton,24 x 75g,4105,5700.0,138,2476,Active
PROD-000412,Honey Crunch,Sweet Valley,Plain Biscuits,"Classic family-friendly biscuits packaged for convenient storage, transportation and retail distribution.",Box,48 x 25g,13470,15900.0,80,1850,Active
PROD-000413,Chocolate Delight,Crispy Crown,Plain Biscuits,Delicious vanilla-flavoured cream biscuits combining a crunchy outer texture with a smooth centre.,Carton,24 x 50g,12919,16300.0,143,1416,Active
PROD-000414,Coconut Crunch,Happy Crunch,Crackers,"Golden baked biscuits with a rich buttery flavour, suitable for retailers, distributors and wholesale customers.",Box,20 x 100g,10073,13300.0,266,1254,Active
PROD-000415,Classic Cream,Royal Treat,Kids Biscuits,"Classic family-friendly biscuits packaged for convenient storage, transportation and retail distribution.",Carton,10 x 200g,11104,14600.0,77,2689,Active
PROD-000416,Rich Chocolate,Sweet Valley,Plain Biscuits,Delicious vanilla-flavoured cream biscuits combining a crunchy outer texture with a smooth centre.,Pack,12 x 150g,4585,5300.0,168,1828,Active
PROD-000417,Strawberry Cream,Golden Bite,Sandwich Biscuits,"Crispy golden biscuits with a smooth cream filling, designed for everyday retail and wholesale distribution.",Carton,24 x 50g,6208,8000.0,74,2044,Active
PROD-000418,Butter Delight,Biscuit House,Plain Biscuits,"Crispy golden biscuits with a smooth cream filling, designed for everyday retail and wholesale distribution.",Pack,20 x 100g,2671,3500.0,181,2379,Active
PROD-000419,Rich Chocolate,Sweet Valley,Chocolate Biscuits,Delicious vanilla-flavoured cream biscuits combining a crunchy outer texture with a smooth centre.,Carton,20 x 100g,10601,13800.0,153,1349,Active
PROD-000420,Classic Cream,Crispy Crown,Plain Biscuits,"Rich chocolate biscuits with a balanced sweetness and crisp texture, ideal for supermarkets and wholesale outlets.",Box,12 x 150g,10219,11900.0,284,3248,Active
PROD-000421,Premium Wafer,Biscuit House,Crackers,"Rich chocolate biscuits with a balanced sweetness and crisp texture, ideal for supermarkets and wholesale outlets.",Pack,48 x 25g,10008,13400.0,53,2360,Active
PROD-000422,Premium Wafer,Royal Treat,Crackers,"Premium crunchy biscuits with a rich chocolate flavour and satisfying texture, suitable for family consumption.",Box,12 x 100g,4591,5300.0,166,2157,Active
PROD-000423,Vanilla Cream,Family Treat,Cream Biscuits,"Classic family-friendly biscuits packaged for convenient storage, transportation and retail distribution.",Box,24 x 50g,5919,8100.0,142,2220,Active
PROD-000424,Strawberry Cream,Biscuit House,Assorted Biscuits,"Golden baked biscuits with a rich buttery flavour, suitable for retailers, distributors and wholesale customers.",Pack,48 x 25g,10779,14200.0,196,2115,Active
PROD-000425,Chocolate Delight,Premium Choice,Wafer Biscuits,Premium-quality wafer biscuits featuring delicate crispy layers and smooth flavoured cream.,Carton,10 x 200g,5908,7300.0,123,1078,Active
PROD-000426,Cocoa Sandwich,Daily Delight,Assorted Biscuits,Light and crispy biscuits carefully produced for convenient retail display and high-volume distribution.,Box,10 x 200g,4904,6100.0,154,2555,Active
PROD-000427,Premium Wafer,Biscuit House,Wafer Biscuits,Light and crispy biscuits carefully produced for convenient retail display and high-volume distribution.,Carton,12 x 100g,4791,6100.0,59,2620,Active
PROD-000428,Caramel Cream,Crunchy Gold,Cream Biscuits,"Rich chocolate biscuits with a balanced sweetness and crisp texture, ideal for supermarkets and wholesale outlets.",Pack,10 x 200g,12695,15000.0,151,2518,Active
PROD-000429,Rich Chocolate,Family Treat,Chocolate Biscuits,Assorted biscuit selection combining popular flavours in a convenient commercial pack.,Pack,24 x 75g,4457,6200.0,141,2147,Active
PROD-000430,Butter Delight,Daily Delight,Plain Biscuits,"Golden baked biscuits with a rich buttery flavour, suitable for retailers, distributors and wholesale customers.",Box,10 x 200g,13192,18100.0,96,1523,Active
PROD-000431,Milk Crunch,Sweet Valley,Plain Biscuits,"Crispy golden biscuits with a smooth cream filling, designed for everyday retail and wholesale distribution.",Pack,20 x 100g,11124,13600.0,63,2380,Active
PROD-000432,Golden Crunch,Golden Bite,Kids Biscuits,"Crunchy snack biscuits offering a satisfying bite and distinctive flavour, suitable for everyday consumption.",Box,10 x 200g,8570,11300.0,87,2589,Active
PROD-000433,Premium Wafer,Crunchy Gold,Sandwich Biscuits,"Premium crunchy biscuits with a rich chocolate flavour and satisfying texture, suitable for family consumption.",Pack,12 x 100g,6631,8900.0,78,2038,Active
PROD-000434,Vanilla Cream,Premium Choice,Wafer Biscuits,"Golden baked biscuits with a rich buttery flavour, suitable for retailers, distributors and wholesale customers.",Box,12 x 100g,12889,16600.0,114,836,Active
PROD-000435,Caramel Cream,Crispy Crown,Sandwich Biscuits,"Golden baked biscuits with a rich buttery flavour, suitable for retailers, distributors and wholesale customers.",Carton,12 x 100g,10155,11700.0,174,1284,Active
PROD-000436,Golden Crunch,Happy Crunch,Cream Biscuits,Delicious vanilla-flavoured cream biscuits combining a crunchy outer texture with a smooth centre.,Pack,12 x 100g,5679,6700.0,74,1788,Active
PROD-000437,Honey Crunch,Golden Bite,Chocolate Biscuits,Light and crispy biscuits carefully produced for convenient retail display and high-volume distribution.,Carton,24 x 50g,7158,9900.0,262,2366,Active
PROD-000438,Family Pack,Biscuit House,Wafer Biscuits,Assorted biscuit selection combining popular flavours in a convenient commercial pack.,Carton,48 x 25g,12575,15500.0,268,1653,Active
PROD-000439,Coconut Crunch,Biscuit House,Assorted Biscuits,"Crunchy snack biscuits offering a satisfying bite and distinctive flavour, suitable for everyday consumption.",Box,20 x 100g,12240,15900.0,179,1893,Active
PROD-000440,Classic Crackers,Biscuit House,Wafer Biscuits,"Golden baked biscuits with a rich buttery flavour, suitable for retailers, distributors and wholesale customers.",Pack,10 x 200g,11435,13700.0,181,933,Active
PROD-000441,Golden Crunch,Royal Treat,Crackers,"Classic family-friendly biscuits packaged for convenient storage, transportation and retail distribution.",Pack,12 x 100g,5178,6500.0,215,2257,Active
PROD-000442,Classic Cream,Family Treat,Plain Biscuits,"Golden baked biscuits with a rich buttery flavour, suitable for retailers, distributors and wholesale customers.",Carton,10 x 200g,11835,16300.0,235,2716,Active
PROD-000443,Classic Cream,Sweet Valley,Crackers,"Golden baked biscuits with a rich buttery flavour, suitable for retailers, distributors and wholesale customers.",Carton,20 x 100g,10946,13400.0,115,2117,Active
PROD-000444,Chocolate Delight,Sweet Valley,Assorted Biscuits,"Classic family-friendly biscuits packaged for convenient storage, transportation and retail distribution.",Pack,12 x 150g,5798,7100.0,272,3193,Active
PROD-000445,Classic Crackers,Daily Delight,Cream Biscuits,"Crunchy snack biscuits offering a satisfying bite and distinctive flavour, suitable for everyday consumption.",Pack,24 x 50g,12458,14800.0,142,2187,Active
PROD-000446,Chocolate Delight,Crunchy Gold,Wafer Biscuits,"Golden baked biscuits with a rich buttery flavour, suitable for retailers, distributors and wholesale customers.",Box,12 x 150g,13106,17100.0,238,1486,Active
PROD-000447,Caramel Cream,Happy Crunch,Kids Biscuits,Delicious vanilla-flavoured cream biscuits combining a crunchy outer texture with a smooth centre.,Box,24 x 50g,7046,8800.0,127,1796,Active
PROD-000448,Caramel Cream,Happy Crunch,Plain Biscuits,"Premium crunchy biscuits with a rich chocolate flavour and satisfying texture, suitable for family consumption.",Carton,24 x 75g,11637,14600.0,279,1670,Active
PROD-000449,Butter Delight,Daily Delight,Chocolate Biscuits,"Crunchy snack biscuits offering a satisfying bite and distinctive flavour, suitable for everyday consumption.",Pack,12 x 150g,4381,5700.0,55,828,Active
PROD-000450,Honey Crunch,Crunchy Gold,Kids Biscuits,"Rich chocolate biscuits with a balanced sweetness and crisp texture, ideal for supermarkets and wholesale outlets.",Pack,12 x 100g,9162,12600.0,128,2402,Active
PROD-000451,Butter Delight,Royal Treat,Wafer Biscuits,"Premium crunchy biscuits with a rich chocolate flavour and satisfying texture, suitable for family consumption.",Pack,12 x 100g,13146,18300.0,300,2490,Active
PROD-000452,Coconut Crunch,Crunchy Gold,Cream Biscuits,"Crispy golden biscuits with a smooth cream filling, designed for everyday retail and wholesale distribution.",Box,24 x 50g,14779,17900.0,226,2492,Active
PROD-000453,Classic Crackers,Biscuit House,Crackers,Light and crispy biscuits carefully produced for convenient retail display and high-volume distribution.,Box,48 x 25g,4011,5400.0,120,2331,Active
PROD-000454,Vanilla Cream,Golden Bite,Plain Biscuits,Premium-quality wafer biscuits featuring delicate crispy layers and smooth flavoured cream.,Pack,12 x 100g,4529,5800.0,94,1805,Active
PROD-000455,Honey Crunch,Sweet Valley,Chocolate Biscuits,Premium-quality wafer biscuits featuring delicate crispy layers and smooth flavoured cream.,Box,24 x 50g,10374,13400.0,84,2043,Active
PROD-000456,Classic Crackers,Crunchy Gold,Wafer Biscuits,"Classic family-friendly biscuits packaged for convenient storage, transportation and retail distribution.",Pack,10 x 200g,12590,14600.0,234,3132,Active
PROD-000457,Premium Wafer,Happy Crunch,Kids Biscuits,"Rich chocolate biscuits with a balanced sweetness and crisp texture, ideal for supermarkets and wholesale outlets.",Carton,10 x 200g,10698,12800.0,100,1692,Active
PROD-000458,Strawberry Cream,Biscuit House,Kids Biscuits,Delicious vanilla-flavoured cream biscuits combining a crunchy outer texture with a smooth centre.,Carton,12 x 150g,10808,13100.0,135,967,Active
PROD-000459,Caramel Cream,Crispy Crown,Kids Biscuits,Delicious vanilla-flavoured cream biscuits combining a crunchy outer texture with a smooth centre.,Box,24 x 50g,10893,14800.0,266,2462,Active
PROD-000460,Butter Delight,Premium Choice,Assorted Biscuits,"Golden baked biscuits with a rich buttery flavour, suitable for retailers, distributors and wholesale customers.",Carton,24 x 75g,7584,9300.0,250,3079,Active
PROD-000461,Cocoa Sandwich,Crunchy Gold,Sandwich Biscuits,Delicious vanilla-flavoured cream biscuits combining a crunchy outer texture with a smooth centre.,Carton,10 x 200g,9542,12800.0,186,2446,Active
PROD-000462,Honey Crunch,Premium Choice,Chocolate Biscuits,"Premium crunchy biscuits with a rich chocolate flavour and satisfying texture, suitable for family consumption.",Pack,24 x 50g,11077,13100.0,266,2295,Active
PROD-000463,Rich Chocolate,Premium Choice,Sandwich Biscuits,"Rich chocolate biscuits with a balanced sweetness and crisp texture, ideal for supermarkets and wholesale outlets.",Pack,48 x 25g,3384,4100.0,145,2066,Active
PROD-000464,Milk Crunch,Daily Delight,Assorted Biscuits,Assorted biscuit selection combining popular flavours in a convenient commercial pack.,Box,20 x 100g,11396,15600.0,64,2714,Active
PROD-000465,Chocolate Delight,Royal Treat,Plain Biscuits,Light and crispy biscuits carefully produced for convenient retail display and high-volume distribution.,Box,48 x 25g,6579,8000.0,76,2105,Active
PROD-000466,Vanilla Cream,Crunchy Gold,Wafer Biscuits,Light and crispy biscuits carefully produced for convenient retail display and high-volume distribution.,Carton,24 x 75g,3671,4300.0,278,3190,Active
PROD-000467,Caramel Cream,Golden Bite,Chocolate Biscuits,"Crunchy snack biscuits offering a satisfying bite and distinctive flavour, suitable for everyday consumption.",Box,24 x 50g,10145,12300.0,126,2531,Active
PROD-000468,Premium Wafer,Golden Bite,Sandwich Biscuits,"Crunchy snack biscuits offering a satisfying bite and distinctive flavour, suitable for everyday consumption.",Carton,20 x 100g,14364,18400.0,50,1184,Active
PROD-000469,Rich Chocolate,Crispy Crown,Plain Biscuits,"Classic family-friendly biscuits packaged for convenient storage, transportation and retail distribution.",Box,48 x 25g,10956,14300.0,193,2136,Active
PROD-000470,Premium Wafer,Premium Choice,Crackers,"Golden baked biscuits with a rich buttery flavour, suitable for retailers, distributors and wholesale customers.",Box,24 x 50g,2771,3300.0,77,2645,Active
PROD-000471,Classic Cream,Golden Bite,Sandwich Biscuits,Delicious vanilla-flavoured cream biscuits combining a crunchy outer texture with a smooth centre.,Pack,20 x 100g,14764,18700.0,161,2953,Active
PROD-000472,Family Pack,Sweet Valley,Crackers,"Crispy golden biscuits with a smooth cream filling, designed for everyday retail and wholesale distribution.",Carton,48 x 25g,13840,17900.0,191,2391,Active
PROD-000473,Classic Crackers,Crunchy Gold,Sandwich Biscuits,"Classic family-friendly biscuits packaged for convenient storage, transportation and retail distribution.",Pack,12 x 150g,7684,10000.0,272,1780,Active
PROD-000474,Premium Wafer,Premium Choice,Kids Biscuits,"Premium crunchy biscuits with a rich chocolate flavour and satisfying texture, suitable for family consumption.",Box,12 x 150g,10861,15100.0,68,2346,Active
PROD-000475,Chocolate Delight,Golden Bite,Crackers,Delicious vanilla-flavoured cream biscuits combining a crunchy outer texture with a smooth centre.,Carton,20 x 100g,13418,18600.0,149,1696,Active
PROD-000476,Honey Crunch,Sweet Valley,Sandwich Biscuits,"Golden baked biscuits with a rich buttery flavour, suitable for retailers, distributors and wholesale customers.",Box,48 x 25g,5918,7900.0,257,1502,Active
PROD-000477,Classic Cream,Sweet Valley,Cream Biscuits,"Premium crunchy biscuits with a rich chocolate flavour and satisfying texture, suitable for family consumption.",Box,10 x 200g,8152,9700.0,237,2120,Active
PROD-000478,Vanilla Cream,Crunchy Gold,Assorted Biscuits,Assorted biscuit selection combining popular flavours in a convenient commercial pack.,Box,48 x 25g,5152,6000.0,195,2413,Active
PROD-000479,Butter Delight,Premium Choice,Assorted Biscuits,"Premium crunchy biscuits with a rich chocolate flavour and satisfying texture, suitable for family consumption.",Carton,20 x 100g,9500,11900.0,160,1539,Active
PROD-000480,Cocoa Sandwich,Happy Crunch,Wafer Biscuits,"Premium crunchy biscuits with a rich chocolate flavour and satisfying texture, suitable for family consumption.",Box,10 x 200g,6972,9800.0,293,3167,Active
PROD-000481,Caramel Cream,Daily Delight,Cream Biscuits,Light and crispy biscuits carefully produced for convenient retail display and high-volume distribution.,Pack,12 x 100g,9968,13900.0,61,2191,Active
PROD-000482,Coconut Crunch,Biscuit House,Kids Biscuits,Delicious vanilla-flavoured cream biscuits combining a crunchy outer texture with a smooth centre.,Pack,10 x 200g,10254,13400.0,283,2105,Active
PROD-000483,Coconut Crunch,Sweet Valley,Cream Biscuits,Premium-quality wafer biscuits featuring delicate crispy layers and smooth flavoured cream.,Carton,24 x 75g,14414,16700.0,67,2886,Active
PROD-000484,Coconut Crunch,Crunchy Gold,Plain Biscuits,Delicious vanilla-flavoured cream biscuits combining a crunchy outer texture with a smooth centre.,Carton,12 x 100g,12274,14700.0,119,2824,Active
PROD-000485,Milk Crunch,Premium Choice,Cream Biscuits,Premium-quality wafer biscuits featuring delicate crispy layers and smooth flavoured cream.,Pack,24 x 50g,7304,8900.0,173,3184,Active
PROD-000486,Premium Wafer,Crispy Crown,Wafer Biscuits,"Classic family-friendly biscuits packaged for convenient storage, transportation and retail distribution.",Box,10 x 200g,2939,3800.0,60,2183,Active
PROD-000487,Milk Crunch,Biscuit House,Wafer Biscuits,Assorted biscuit selection combining popular flavours in a convenient commercial pack.,Carton,48 x 25g,7972,9700.0,62,710,Active
PROD-000488,Caramel Cream,Royal Treat,Chocolate Biscuits,"Golden baked biscuits with a rich buttery flavour, suitable for retailers, distributors and wholesale customers.",Pack,48 x 25g,10217,12300.0,291,1817,Active
PROD-000489,Caramel Cream,Golden Bite,Wafer Biscuits,"Rich chocolate biscuits with a balanced sweetness and crisp texture, ideal for supermarkets and wholesale outlets.",Carton,24 x 50g,14808,19900.0,93,2853,Active
PROD-000490,Honey Crunch,Sweet Valley,Sandwich Biscuits,Delicious vanilla-flavoured cream biscuits combining a crunchy outer texture with a smooth centre.,Carton,24 x 75g,5694,6600.0,67,1921,Active
PROD-000491,Classic Cream,Golden Bite,Kids Biscuits,"Crunchy snack biscuits offering a satisfying bite and distinctive flavour, suitable for everyday consumption.",Carton,24 x 50g,4914,5700.0,235,2580,Active
PROD-000492,Strawberry Cream,Crispy Crown,Plain Biscuits,"Crispy golden biscuits with a smooth cream filling, designed for everyday retail and wholesale distribution.",Carton,12 x 150g,14923,17200.0,85,1469,Active
PROD-000493,Chocolate Delight,Daily Delight,Sandwich Biscuits,"Crunchy snack biscuits offering a satisfying bite and distinctive flavour, suitable for everyday consumption.",Carton,12 x 150g,12688,16100.0,223,1227,Active
PROD-000494,Cocoa Sandwich,Royal Treat,Assorted Biscuits,"Premium crunchy biscuits with a rich chocolate flavour and satisfying texture, suitable for family consumption.",Box,20 x 100g,10319,11900.0,96,1452,Active
PROD-000495,Family Pack,Crispy Crown,Kids Biscuits,"Rich chocolate biscuits with a balanced sweetness and crisp texture, ideal for supermarkets and wholesale outlets.",Carton,24 x 50g,11212,15400.0,161,2639,Active
PROD-000496,Vanilla Cream,Royal Treat,Wafer Biscuits,"Premium crunchy biscuits with a rich chocolate flavour and satisfying texture, suitable for family consumption.",Box,12 x 100g,4000,4600.0,112,3082,Active
PROD-000497,Golden Crunch,Sweet Valley,Sandwich Biscuits,Premium-quality wafer biscuits featuring delicate crispy layers and smooth flavoured cream.,Pack,12 x 150g,3086,3600.0,259,2007,Active
PROD-000498,Chocolate Delight,Premium Choice,Chocolate Biscuits,"Crispy golden biscuits with a smooth cream filling, designed for everyday retail and wholesale distribution.",Carton,20 x 100g,8344,10400.0,288,1050,Active
PROD-000499,Strawberry Cream,Family Treat,Wafer Biscuits,"Classic family-friendly biscuits packaged for convenient storage, transportation and retail distribution.",Pack,12 x 150g,5424,7400.0,122,1307,Active
PROD-000500,Golden Crunch,Royal Treat,Wafer Biscuits,Premium-quality wafer biscuits featuring delicate crispy layers and smooth flavoured cream.,Pack,48 x 25g,5127,7000.0,76,920,Active
PROD-000501,Caramel Cream,Sweet Valley,Plain Biscuits,Premium-quality wafer biscuits featuring delicate crispy layers and smooth flavoured cream.,Pack,24 x 50g,14570,19900.0,63,2568,Active
PROD-000502,Classic Crackers,Premium Choice,Plain Biscuits,Delicious vanilla-flavoured cream biscuits combining a crunchy outer texture with a smooth centre.,Box,10 x 200g,13070,15700.0,257,1782,Active
PROD-000503,Cocoa Sandwich,Crunchy Gold,Assorted Biscuits,"Crunchy snack biscuits offering a satisfying bite and distinctive flavour, suitable for everyday consumption.",Carton,24 x 75g,9582,13100.0,238,2132,Active
PROD-000504,Premium Wafer,Daily Delight,Sandwich Biscuits,Light and crispy biscuits carefully produced for convenient retail display and high-volume distribution.,Pack,24 x 75g,9890,11700.0,191,2196,Active
PROD-000505,Caramel Cream,Family Treat,Cream Biscuits,Delicious vanilla-flavoured cream biscuits combining a crunchy outer texture with a smooth centre.,Pack,24 x 75g,10635,13900.0,112,2888,Active
PROD-000506,Family Pack,Sweet Valley,Kids Biscuits,"Crispy golden biscuits with a smooth cream filling, designed for everyday retail and wholesale distribution.",Pack,12 x 150g,12565,16000.0,287,1553,Active
PROD-000507,Family Pack,Crunchy Gold,Chocolate Biscuits,"Golden baked biscuits with a rich buttery flavour, suitable for retailers, distributors and wholesale customers.",Pack,20 x 100g,14985,17400.0,199,1453,Active
PROD-000508,Caramel Cream,Premium Choice,Wafer Biscuits,"Premium crunchy biscuits with a rich chocolate flavour and satisfying texture, suitable for family consumption.",Carton,12 x 100g,3420,4300.0,257,1994,Active
PROD-000509,Strawberry Cream,Golden Bite,Assorted Biscuits,"Crispy golden biscuits with a smooth cream filling, designed for everyday retail and wholesale distribution.",Box,20 x 100g,4387,6000.0,130,1512,Active
PROD-000510,Butter Delight,Daily Delight,Assorted Biscuits,"Golden baked biscuits with a rich buttery flavour, suitable for retailers, distributors and wholesale customers.",Pack,12 x 150g,14748,18900.0,112,2372,Active
PROD-000511,Butter Delight,Biscuit House,Chocolate Biscuits,Assorted biscuit selection combining popular flavours in a convenient commercial pack.,Box,24 x 50g,12341,15900.0,141,1803,Active
PROD-000512,Strawberry Cream,Sweet Valley,Wafer Biscuits,Light and crispy biscuits carefully produced for convenient retail display and high-volume distribution.,Box,20 x 100g,7055,8700.0,273,1381,Active
PROD-000513,Caramel Cream,Happy Crunch,Wafer Biscuits,Delicious vanilla-flavoured cream biscuits combining a crunchy outer texture with a smooth centre.,Box,20 x 100g,10247,13900.0,141,1872,Active
PROD-000514,Milk Crunch,Family Treat,Crackers,Light and crispy biscuits carefully produced for convenient retail display and high-volume distribution.,Box,48 x 25g,12836,17800.0,213,3062,Active
PROD-000515,Butter Delight,Happy Crunch,Sandwich Biscuits,"Golden baked biscuits with a rich buttery flavour, suitable for retailers, distributors and wholesale customers.",Carton,12 x 100g,10225,12900.0,241,2180,Active
PROD-000516,Chocolate Delight,Happy Crunch,Crackers,"Crunchy snack biscuits offering a satisfying bite and distinctive flavour, suitable for everyday consumption.",Pack,12 x 100g,3574,4400.0,87,1584,Active
PROD-000517,Cocoa Sandwich,Sweet Valley,Kids Biscuits,"Crunchy snack biscuits offering a satisfying bite and distinctive flavour, suitable for everyday consumption.",Pack,12 x 100g,6257,7600.0,199,1267,Active
PROD-000518,Classic Cream,Biscuit House,Kids Biscuits,Delicious vanilla-flavoured cream biscuits combining a crunchy outer texture with a smooth centre.,Carton,12 x 100g,6137,8100.0,286,1950,Active
PROD-000519,Coconut Crunch,Royal Treat,Sandwich Biscuits,Assorted biscuit selection combining popular flavours in a convenient commercial pack.,Pack,10 x 200g,10213,12100.0,113,1493,Active
PROD-000520,Vanilla Cream,Happy Crunch,Chocolate Biscuits,"Crispy golden biscuits with a smooth cream filling, designed for everyday retail and wholesale distribution.",Box,48 x 25g,3052,3700.0,69,772,Active
PROD-000521,Chocolate Delight,Family Treat,Wafer Biscuits,Light and crispy biscuits carefully produced for convenient retail display and high-volume distribution.,Carton,12 x 100g,12355,17200.0,244,1970,Active
PROD-000522,Classic Crackers,Biscuit House,Kids Biscuits,"Rich chocolate biscuits with a balanced sweetness and crisp texture, ideal for supermarkets and wholesale outlets.",Pack,12 x 100g,9854,13600.0,233,2179,Active
PROD-000523,Classic Crackers,Golden Bite,Wafer Biscuits,Premium-quality wafer biscuits featuring delicate crispy layers and smooth flavoured cream.,Pack,24 x 75g,5846,7700.0,206,1820,Active
PROD-000524,Vanilla Cream,Sweet Valley,Cream Biscuits,Light and crispy biscuits carefully produced for convenient retail display and high-volume distribution.,Pack,24 x 75g,5043,6200.0,292,1415,Active
PROD-000525,Caramel Cream,Royal Treat,Wafer Biscuits,Premium-quality wafer biscuits featuring delicate crispy layers and smooth flavoured cream.,Pack,48 x 25g,11706,15800.0,207,1210,Active
